sample_id,fold,fusion_model,spearman,jaccard_top5pct,jaccard_top50,entropy_image_only,entropy_fusion,n_tiles
674,1,intermediate_fusion,0.3795369363698787,0.4444444444444444,0.4084507042253521,5.4600444,5.483865,256
680,1,intermediate_fusion,0.8335746166170747,0.4444444444444444,0.5625,5.4772315,5.318605,256
60,1,intermediate_fusion,0.9018561169604027,0.4444444444444444,0.6666666666666666,5.3331356,5.157163,256
67,1,intermediate_fusion,0.8120815690089264,0.625,0.5625,5.2581906,4.7520003,256
675,1,intermediate_fusion,0.8951419089036392,0.4444444444444444,0.7543859649122807,5.3124237,5.1421804,256
76,1,intermediate_fusion,0.8417207885099564,0.7333333333333333,0.7857142857142857,5.2243247,4.9206676,256
676,1,intermediate_fusion,0.9119478141451133,0.7333333333333333,0.6949152542372882,5.2447224,4.8785524,256
681,1,intermediate_fusion,0.6943944552529181,0.4444444444444444,0.5151515151515151,5.208124,5.1410866,256
682,1,intermediate_fusion,0.9175555046921491,0.4444444444444444,0.7241379310344828,5.053031,4.8656397,256
4,1,intermediate_fusion,0.8723005836575873,0.8571428571428571,0.6949152542372882,5.3216505,5.0699434,256
13,1,intermediate_fusion,0.9343621252002745,0.8571428571428571,0.6949152542372882,5.148196,4.878563,256
677,1,intermediate_fusion,0.9013354028381779,0.5294117647058824,0.8518518518518519,5.385125,5.0892467,256
24,1,intermediate_fusion,0.8517524032959487,0.3684210526315789,0.5151515151515151,5.5039544,5.484379,256
19,1,intermediate_fusion,0.7876852540627145,0.5294117647058824,0.6949152542372882,5.22381,5.150346,256
678,1,intermediate_fusion,0.7329444666971846,0.625,0.5873015873015873,5.2110457,5.336733,256
683,1,intermediate_fusion,0.588865444037537,0.8571428571428571,0.3888888888888889,5.1628084,5.267659,256
29,1,intermediate_fusion,0.6369292172121765,0.5294117647058824,0.4925373134328358,5.307335,5.2991233,256
684,1,intermediate_fusion,0.7987404154268709,0.3684210526315789,0.47058823529411764,5.4504976,5.504611,256
679,1,intermediate_fusion,0.666464007782101,0.5294117647058824,0.5873015873015873,5.323406,5.3672485,256
35,1,intermediate_fusion,0.6393568322270541,0.13043478260869565,0.3888888888888889,5.485713,5.5024095,256
52,1,intermediate_fusion,0.521192635614557,0.5294117647058824,0.47058823529411764,5.3675485,5.4386063,256
40,1,intermediate_fusion,0.7068458171206226,0.7333333333333333,0.6129032258064516,4.9000616,4.823059,256
45,1,intermediate_fusion,0.5058566033417257,0.13043478260869565,0.12359550561797752,5.349208,5.4900594,256
121,1,intermediate_fusion,0.5810254062714579,0.7333333333333333,0.3698630136986301,5.3472223,5.4326844,256
122,1,intermediate_fusion,0.7929295891508352,0.4444444444444444,0.6666666666666666,5.226408,5.1181993,256
99,1,intermediate_fusion,0.28938258182650484,0.625,0.28205128205128205,5.416519,5.4412866,256
100,1,intermediate_fusion,0.18400020027466235,0.4444444444444444,0.26582278481012656,5.407495,5.475745,256
123,1,intermediate_fusion,0.2904318780041199,0.3684210526315789,0.21951219512195122,5.2896223,5.352812,256
124,1,intermediate_fusion,0.3773317692835889,0.4444444444444444,0.35135135135135137,5.4326744,5.4564247,256
125,1,intermediate_fusion,0.8023331998168917,0.5294117647058824,0.6129032258064516,5.2930903,5.2779436,256
101,1,intermediate_fusion,0.8611796177615013,0.625,0.7543859649122807,5.1597652,4.8426437,256
126,1,intermediate_fusion,0.674821183337148,0.8571428571428571,0.4925373134328358,5.427864,5.36167,256
107,1,intermediate_fusion,0.8337820439459829,0.625,0.6949152542372882,5.211282,5.2837257,256
138,1,intermediate_fusion,0.796510214007782,0.5294117647058824,0.5873015873015873,5.145666,5.1259604,256
108,1,intermediate_fusion,0.26913409819180584,0.23809523809523808,0.2345679012345679,5.412018,5.470891,256
109,1,intermediate_fusion,0.4742868791485465,0.08333333333333333,0.26582278481012656,5.4404964,5.493646,256
139,1,intermediate_fusion,0.5499105916685739,0.625,0.4925373134328358,5.181787,5.2504454,256
110,1,intermediate_fusion,0.42335274090180813,0.23809523809523808,0.35135135135135137,5.4475102,5.4935846,256
140,1,intermediate_fusion,0.5832420176241702,0.08333333333333333,0.3888888888888889,5.5028133,5.505212,256
111,1,intermediate_fusion,0.807066119249256,0.4444444444444444,0.7241379310344828,5.1471663,5.0850954,256
112,1,intermediate_fusion,0.41748683909361406,0.625,0.3888888888888889,5.222178,5.3249316,256
685,1,intermediate_fusion,0.6853570611123826,0.23809523809523808,0.4925373134328358,5.1746736,5.349058,256
686,1,intermediate_fusion,0.7267309452964064,0.625,0.639344262295082,5.0969553,5.283348,256
148,1,intermediate_fusion,0.3730215724422064,0.3,0.5151515151515151,5.4069214,5.4375496,256
187,1,intermediate_fusion,0.573019426642252,0.7333333333333333,0.4925373134328358,5.047939,5.1812277,256
144,1,intermediate_fusion,0.43312614442664216,0.3,0.28205128205128205,5.369888,5.1771574,256
165,1,intermediate_fusion,0.7075238899061569,0.18181818181818182,0.35135135135135137,5.49469,5.465087,256
159,1,intermediate_fusion,0.024213206683451588,0.5294117647058824,0.21951219512195122,5.404458,5.452421,256
153,1,intermediate_fusion,0.42934524490730136,0.04,0.28205128205128205,5.465354,5.500188,256
705,1,intermediate_fusion,0.8922593842984664,0.625,0.6666666666666666,5.5126467,5.4982176,256
175,1,intermediate_fusion,0.5276550698100251,0.0,0.26582278481012656,5.446264,5.5248575,256
288,1,intermediate_fusion,0.8517617017624168,0.18181818181818182,0.4492753623188406,5.449178,5.4091682,256
525,1,intermediate_fusion,0.6654476138704508,0.5294117647058824,0.3333333333333333,5.431043,5.4459333,256
219,1,intermediate_fusion,0.5777079995422293,0.7333333333333333,0.4084507042253521,5.3809705,5.394048,256
282,1,intermediate_fusion,0.8159583142595559,0.3,0.5625,5.524576,5.5186005,256
207,1,intermediate_fusion,0.6904633497367818,0.5294117647058824,0.3157894736842105,5.423729,5.414737,256
209,1,intermediate_fusion,0.5530820840009155,0.5294117647058824,0.28205128205128205,5.1695967,5.374213,256
233,1,intermediate_fusion,0.44186312657358656,0.18181818181818182,0.3157894736842105,5.4291,5.441064,256
249,1,intermediate_fusion,0.5722362096589608,0.4444444444444444,0.3698630136986301,5.444305,5.4916477,256
211,1,intermediate_fusion,0.2848949988555733,0.7333333333333333,0.3333333333333333,5.1287136,5.3220863,256
213,1,intermediate_fusion,0.49948929961089483,0.625,0.3888888888888889,5.4450226,5.454835,256
256,1,intermediate_fusion,0.7152344644083313,0.5294117647058824,0.5625,5.2117853,5.2088785,256
277,1,intermediate_fusion,0.5657558937972076,0.18181818181818182,0.2345679012345679,5.4391747,5.509404,256
284,1,intermediate_fusion,0.9241094930189974,0.7333333333333333,0.6949152542372882,4.999276,5.021678,256
229,1,intermediate_fusion,0.30038552872510865,0.4444444444444444,0.3888888888888889,5.372363,5.462208,256
257,1,intermediate_fusion,0.7372818436713205,0.3684210526315789,0.5151515151515151,5.240622,5.3186007,256
527,1,intermediate_fusion,0.736875572213321,0.8571428571428571,0.6949152542372882,4.5952606,4.626701,256
267,1,intermediate_fusion,0.6788767452506294,0.4444444444444444,0.8518518518518519,4.928625,4.9516773,256
275,1,intermediate_fusion,0.5560096704051269,0.625,0.6666666666666666,5.216934,5.195279,256
281,1,intermediate_fusion,0.46800969901579303,0.7333333333333333,0.4925373134328358,4.7487926,4.817746,256
243,1,intermediate_fusion,0.7119499599450674,0.8571428571428571,0.4084507042253521,5.1720867,5.334003,256
251,1,intermediate_fusion,0.6262867647058822,0.5294117647058824,0.639344262295082,5.16985,5.152173,256
259,1,intermediate_fusion,0.4711447127489127,0.625,0.4925373134328358,5.216195,5.358499,256
545,1,intermediate_fusion,0.6860608834973677,0.8571428571428571,0.47058823529411764,5.1940784,5.3151646,256
565,1,intermediate_fusion,0.2619728484779125,0.04,0.21951219512195122,5.4728394,5.432726,256
299,1,intermediate_fusion,-0.05402623598077363,0.23809523809523808,0.14942528735632185,5.347554,5.4526014,256
307,1,intermediate_fusion,0.8233556019684136,0.7333333333333333,0.7857142857142857,4.8753176,4.680392,256
323,1,intermediate_fusion,0.8010306992446783,0.4444444444444444,0.7241379310344828,5.225146,5.174047,256
306,1,intermediate_fusion,0.7919589723048751,0.625,0.5873015873015873,5.3164663,5.2968044,256
312,1,intermediate_fusion,0.8609049553673608,0.5294117647058824,0.5873015873015873,5.1390114,5.13315,256
327,1,intermediate_fusion,0.8405220016021971,0.5294117647058824,0.7543859649122807,5.123445,5.2084494,256
329,1,intermediate_fusion,0.5145463778896773,0.7333333333333333,0.2987012987012987,5.2680254,5.4282346,256
333,1,intermediate_fusion,0.7991774433508811,0.5294117647058824,0.639344262295082,5.167285,5.2089343,256
347,1,intermediate_fusion,0.7349400606546119,0.7333333333333333,0.6949152542372882,5.0162506,5.1539845,256
361,1,intermediate_fusion,0.8737411306935224,0.7333333333333333,0.7241379310344828,5.1652846,5.016933,256
352,1,intermediate_fusion,0.5422629606317234,0.5294117647058824,0.5873015873015873,5.2739973,5.146081,256
318,1,intermediate_fusion,0.5310504406042572,0.4444444444444444,0.4492753623188406,5.399921,5.4328117,256
344,1,intermediate_fusion,0.7331547550926985,0.625,0.35135135135135137,4.7801456,4.949817,256
388,1,intermediate_fusion,0.7536571583886472,0.625,0.6949152542372882,5.3612094,5.289317,256
422,1,intermediate_fusion,0.6893339436942092,0.5294117647058824,0.5151515151515151,5.4181256,5.442322,256
429,1,intermediate_fusion,0.8430561913481344,0.625,0.7857142857142857,5.3093824,5.200175,256
392,1,intermediate_fusion,0.8053988326848248,0.625,0.6129032258064516,5.3690615,5.171501,256
396,1,intermediate_fusion,0.8033052471961545,0.3684210526315789,0.5151515151515151,5.136098,4.755741,256
423,1,intermediate_fusion,0.925456340123598,0.625,0.6949152542372882,4.9284606,4.7257576,256
425,1,intermediate_fusion,0.638238870450904,0.23809523809523808,0.3157894736842105,5.420597,5.406225,256
439,1,intermediate_fusion,0.8860508697642481,0.5294117647058824,0.6666666666666666,5.1282363,4.914844,256
412,1,intermediate_fusion,0.45172522316319513,0.23809523809523808,0.3888888888888889,5.4417505,5.4851923,256
390,1,intermediate_fusion,0.5651421950102997,0.3684210526315789,0.3888888888888889,5.3386526,5.4682183,256
435,1,intermediate_fusion,0.7149090180819409,0.23809523809523808,0.35135135135135137,5.513594,5.515739,256
407,1,intermediate_fusion,0.6864213778896772,0.7333333333333333,0.47058823529411764,5.0339828,5.25816,256
420,1,intermediate_fusion,0.6794117647058822,0.5294117647058824,0.4084507042253521,5.2755785,5.3473916,256
395,1,intermediate_fusion,0.9085166800183107,0.625,0.7543859649122807,5.153372,4.938398,256
404,1,intermediate_fusion,0.7295154783703364,0.625,0.6949152542372882,5.169021,5.1281643,256
418,1,intermediate_fusion,0.4496080338750285,0.5294117647058824,0.3888888888888889,5.283983,5.3504906,256
405,1,intermediate_fusion,0.7983899347676813,0.5294117647058824,0.5151515151515151,5.278562,5.197261,256
424,1,intermediate_fusion,0.055904526207370096,0.23809523809523808,0.14942528735632185,5.3729715,5.4654665,256
443,1,intermediate_fusion,0.7933308537422751,0.625,0.6129032258064516,5.3264284,5.2222853,256
464,1,intermediate_fusion,0.7814874685282673,0.4444444444444444,0.5384615384615384,5.4792624,5.4855757,256
479,1,intermediate_fusion,0.7350037193865872,0.8571428571428571,0.639344262295082,5.3655157,5.416548,256
505,1,intermediate_fusion,0.7263869020370793,0.5294117647058824,0.6129032258064516,5.3293657,5.3763103,256
478,1,intermediate_fusion,0.8110973620965894,0.5294117647058824,0.5384615384615384,5.285817,5.0359993,256
486,1,intermediate_fusion,0.7837648775463492,0.5294117647058824,0.7857142857142857,5.2583036,5.231303,256
444,1,intermediate_fusion,0.6080989642938887,0.625,0.5151515151515151,5.3528256,5.342492,256
463,1,intermediate_fusion,0.7068880178530554,0.7333333333333333,0.6129032258064516,5.29276,5.305154,256
473,1,intermediate_fusion,0.8134663252460517,0.625,0.5151515151515151,5.4163065,5.300583,256
453,1,intermediate_fusion,0.9046857118333713,0.625,0.8181818181818182,5.0523586,5.004332,256
459,1,intermediate_fusion,0.8632546063172349,0.625,0.7543859649122807,5.181365,5.182092,256
461,1,intermediate_fusion,0.5450803959716182,0.4444444444444444,0.4925373134328358,5.351267,5.4174833,256
470,1,intermediate_fusion,0.5772924296177614,1.0,0.639344262295082,4.668916,4.533857,256
481,1,intermediate_fusion,0.7013954852368962,0.4444444444444444,0.5625,5.116086,4.8487854,256
496,1,intermediate_fusion,0.8488212405584801,0.625,0.6949152542372882,5.265557,5.127691,256
500,1,intermediate_fusion,0.8033381494621192,0.7333333333333333,0.8181818181818182,5.1644487,5.097125,256
513,1,intermediate_fusion,0.8616438258182648,0.8571428571428571,0.7857142857142857,4.890068,4.536908,256
475,1,intermediate_fusion,0.8522824158846417,0.3,0.8181818181818182,5.144429,5.1299915,256
514,1,intermediate_fusion,0.8776007095445182,0.7333333333333333,0.7857142857142857,5.063552,4.855259,256
541,1,intermediate_fusion,0.2149304760814831,0.4444444444444444,0.35135135135135137,5.3794923,5.4833136,256
593,1,intermediate_fusion,0.3895392252231631,0.3684210526315789,0.3698630136986301,5.4621325,5.497979,256
544,1,intermediate_fusion,0.4333671892881666,0.3684210526315789,0.35135135135135137,5.4190063,5.448847,256
577,1,intermediate_fusion,0.41984364271000224,0.4444444444444444,0.4925373134328358,5.3681993,5.4290433,256
557,1,intermediate_fusion,-0.3044675555046921,0.04,0.06382978723404255,5.4444246,5.491506,256
696,1,intermediate_fusion,0.4457641908903639,0.18181818181818182,0.3333333333333333,5.479359,5.480913,256
697,1,intermediate_fusion,0.7317335202563515,0.4444444444444444,0.3698630136986301,5.4563,5.3779445,256
698,1,intermediate_fusion,0.5044081883726252,0.4444444444444444,0.26582278481012656,5.4262276,5.3860664,256
699,1,intermediate_fusion,-0.11867132066834514,0.04,0.14942528735632185,5.4150233,5.4842763,256
700,1,intermediate_fusion,0.43796635385671767,0.3,0.26582278481012656,5.514483,5.4861865,256
701,1,intermediate_fusion,0.5768947413595787,0.3,0.35135135135135137,5.5090857,5.4905386,256
702,1,intermediate_fusion,0.5258225566491187,0.0,0.16279069767441862,5.505696,5.504428,256
703,1,intermediate_fusion,0.884405041199359,0.625,0.6666666666666666,5.4410486,5.1231704,256
706,1,intermediate_fusion,0.5130621995880064,0.3,0.47058823529411764,5.4092484,5.424814,256
708,1,intermediate_fusion,0.34990486953536276,0.5294117647058824,0.2345679012345679,5.323528,5.419135,256
740,1,intermediate_fusion,0.15694023231860837,0.3,0.25,5.4145384,5.4673605,256
712,1,intermediate_fusion,0.46887803273060186,0.4444444444444444,0.35135135135135137,5.2937007,5.396942,256
895,1,intermediate_fusion,0.6213621538109406,0.4444444444444444,0.2345679012345679,5.0845184,5.351849,256
953,1,intermediate_fusion,0.5961990730144197,0.4444444444444444,0.3698630136986301,5.4442787,5.4297442,256
745,1,intermediate_fusion,0.7956132696269168,0.4444444444444444,0.5151515151515151,5.39645,5.3305993,256
746,1,intermediate_fusion,0.5924846932936598,0.625,0.3888888888888889,5.469601,5.4627833,256
747,1,intermediate_fusion,0.7108470187685969,0.625,0.6129032258064516,5.255615,5.0407543,256
748,1,intermediate_fusion,0.8604693579766537,0.4444444444444444,0.7857142857142857,4.9599786,4.5378246,256
884,1,intermediate_fusion,0.5748927100022888,0.3684210526315789,0.5625,5.432213,5.4017954,256
772,1,intermediate_fusion,0.8431312943465323,0.5294117647058824,0.7543859649122807,5.3489923,5.28225,256
773,1,intermediate_fusion,0.1419389448386358,0.3,0.26582278481012656,5.408938,5.477056,256
774,1,intermediate_fusion,0.8640378233005263,0.18181818181818182,0.42857142857142855,5.4155397,5.517682,256
885,1,intermediate_fusion,0.690597104600595,0.3684210526315789,0.4925373134328358,5.4072323,5.4157248,256
886,1,intermediate_fusion,0.665291685740444,0.23809523809523808,0.4925373134328358,5.422764,5.4152036,256
775,1,intermediate_fusion,0.9083886472877086,0.625,0.9230769230769231,4.9661856,5.0360994,256
776,1,intermediate_fusion,0.6842827306019683,0.625,0.3698630136986301,5.4982758,5.5113864,256
777,1,intermediate_fusion,0.7265764476997023,0.625,0.6949152542372882,5.266096,5.3494067,256
842,1,intermediate_fusion,0.7513461318379491,0.625,0.4925373134328358,5.2746515,5.264064,256
843,1,intermediate_fusion,0.8641300926985579,0.7333333333333333,0.5873015873015873,5.27504,5.2216525,256
868,1,intermediate_fusion,0.6528310254062712,0.625,0.2987012987012987,5.2100773,5.327547,256
869,1,intermediate_fusion,0.5266250858319981,0.13043478260869565,0.17647058823529413,5.422579,5.4391255,256
874,1,intermediate_fusion,0.7149233234149689,0.7333333333333333,0.5151515151515151,5.1937428,5.29236,256
875,1,intermediate_fusion,0.6531657701991301,0.13043478260869565,0.4084507042253521,5.4764414,5.453128,256
906,1,intermediate_fusion,0.7081619077592125,0.7333333333333333,0.6129032258064516,5.256068,5.106732,256
907,1,intermediate_fusion,0.42142295147631026,0.3684210526315789,0.35135135135135137,5.4744506,5.4872236,256
910,1,intermediate_fusion,0.5016544117647058,0.3684210526315789,0.4084507042253521,5.4184294,5.4835305,256
912,1,intermediate_fusion,0.6606445983062484,0.5294117647058824,0.4925373134328358,5.402178,5.244917,256
913,1,intermediate_fusion,0.4590316720073242,0.3684210526315789,0.28205128205128205,5.465973,5.479993,256
914,1,intermediate_fusion,0.6768096246280612,0.625,0.5873015873015873,5.378381,5.3172836,256
933,1,intermediate_fusion,0.7807629034103913,0.5294117647058824,0.5151515151515151,5.2878127,5.3038325,256
934,1,intermediate_fusion,0.764612897688258,0.625,0.6129032258064516,5.306125,5.3124294,256
935,1,intermediate_fusion,0.8830324444953076,0.4444444444444444,0.7857142857142857,5.0818415,4.8682647,256
936,1,intermediate_fusion,0.752330338750286,0.7333333333333333,0.639344262295082,5.270419,5.254309,256
937,1,intermediate_fusion,0.7058573186083771,0.8571428571428571,0.7543859649122807,5.1949415,5.041733,256
674,1,coattention_fusion,0.463967011902037,0.4444444444444444,0.2345679012345679,5.4600444,5.4871655,256
680,1,coattention_fusion,0.3090059224078736,0.4444444444444444,0.42857142857142855,5.4772315,5.5164614,256
60,1,coattention_fusion,0.7789539940489814,0.4444444444444444,0.6666666666666666,5.3331356,5.5203185,256
67,1,coattention_fusion,0.5368691348134583,0.7333333333333333,0.4492753623188406,5.2581906,5.4229164,256
675,1,coattention_fusion,0.7995415140764477,0.5294117647058824,0.6949152542372882,5.3124237,5.482748,256
76,1,coattention_fusion,0.7045648317692834,0.7333333333333333,0.4925373134328358,5.2243247,5.5289216,256
676,1,coattention_fusion,0.7674625200274661,0.4444444444444444,0.4925373134328358,5.2447224,5.512857,256
681,1,coattention_fusion,0.533432993820096,0.7333333333333333,0.6129032258064516,5.208124,5.4529104,256
682,1,coattention_fusion,0.8821455138475621,0.7333333333333333,0.6666666666666666,5.053031,5.46644,256
4,1,coattention_fusion,-0.45825346189059274,0.0,0.0,5.3216505,5.539596,256
13,1,coattention_fusion,0.7990343900205995,0.625,0.5384615384615384,5.148196,5.5414896,256
677,1,coattention_fusion,0.12286707484550238,0.04,0.12359550561797752,5.385125,5.5418854,256
24,1,coattention_fusion,-0.2823386358434424,0.0,0.010101010101010102,5.5039544,5.5446954,256
19,1,coattention_fusion,0.6463521400778208,0.13043478260869565,0.4492753623188406,5.22381,5.5447474,256
678,1,coattention_fusion,0.4963986324101624,0.4444444444444444,0.7543859649122807,5.2110457,5.390049,256
683,1,coattention_fusion,0.2212798981460288,0.7333333333333333,0.5151515151515151,5.1628084,5.133127,256
29,1,coattention_fusion,0.808669747081712,0.3,0.5384615384615384,5.307335,5.4747524,256
684,1,coattention_fusion,0.1866602769512474,0.625,0.42857142857142855,5.4504976,5.5297155,256
679,1,coattention_fusion,0.6684152552071411,0.4444444444444444,0.6666666666666666,5.323406,4.987072,256
35,1,coattention_fusion,0.675208857862211,0.04,0.4084507042253521,5.485713,5.5388384,256
52,1,coattention_fusion,0.6069559681849392,0.3684210526315789,0.4925373134328358,5.3675485,5.5306377,256
40,1,coattention_fusion,0.8443536850537878,0.3684210526315789,0.7857142857142857,4.9000616,5.195474,256
45,1,coattention_fusion,0.5193558308537423,0.3,0.4492753623188406,5.349208,5.2621956,256
121,1,coattention_fusion,0.3189638647287708,0.625,0.42857142857142855,5.3472223,5.535267,256
122,1,coattention_fusion,0.7876473449301897,0.5294117647058824,0.639344262295082,5.226408,5.3596897,256
99,1,coattention_fusion,0.6495558194094757,0.23809523809523808,0.4492753623188406,5.416519,5.447608,256
100,1,coattention_fusion,0.6519283588921949,0.7333333333333333,0.4492753623188406,5.407495,5.3486347,256
123,1,coattention_fusion,0.6470252059967955,0.5294117647058824,0.3888888888888889,5.2896223,5.0644417,256
124,1,coattention_fusion,0.5596060311284046,0.4444444444444444,0.47058823529411764,5.4326744,5.4920664,256
125,1,coattention_fusion,0.8378175783932248,0.5294117647058824,0.7543859649122807,5.2930903,5.4755244,256
101,1,coattention_fusion,-0.8483741989013502,0.0,0.0,5.1597652,5.4547677,256
126,1,coattention_fusion,-0.47263103685053776,0.0,0.02040816326530612,5.427864,5.536588,256
107,1,coattention_fusion,0.8604715037766079,0.625,0.7241379310344828,5.211282,5.227781,256
138,1,coattention_fusion,-0.8862182421606775,0.0,0.0,5.145666,5.5309277,256
108,1,coattention_fusion,0.670124027237354,0.3684210526315789,0.5384615384615384,5.412018,5.423826,256
109,1,coattention_fusion,0.5817013332570381,0.18181818181818182,0.28205128205128205,5.4404964,5.4990516,256
139,1,coattention_fusion,0.7944323643854428,0.4444444444444444,0.639344262295082,5.181787,5.4371114,256
110,1,coattention_fusion,0.39270284962233915,0.5294117647058824,0.35135135135135137,5.4475102,5.525852,256
140,1,coattention_fusion,-0.05848806935225452,0.5294117647058824,0.14942528735632185,5.5028133,5.482191,256
111,1,coattention_fusion,0.863431992446784,0.625,0.6666666666666666,5.1471663,5.5445976,256
112,1,coattention_fusion,0.8205846589608604,0.5294117647058824,0.5384615384615384,5.222178,5.5232515,256
685,1,coattention_fusion,0.863826819638361,0.625,0.7241379310344828,5.1746736,5.5255194,256
686,1,coattention_fusion,0.9371051728084229,0.4444444444444444,0.7241379310344828,5.0969553,5.410839,256
148,1,coattention_fusion,0.8490630006866559,0.18181818181818182,0.5873015873015873,5.4069214,5.435515,256
187,1,coattention_fusion,0.2838392652780956,0.625,0.6949152542372882,5.047939,5.1376414,256
144,1,coattention_fusion,0.4419146257724879,0.3,0.4084507042253521,5.369888,4.991417,256
165,1,coattention_fusion,0.11067893110551612,0.23809523809523808,0.42857142857142855,5.49469,5.414141,256
159,1,coattention_fusion,0.6460538738841839,0.7333333333333333,0.35135135135135137,5.404458,5.536132,256
153,1,coattention_fusion,0.2341167887388418,0.3,0.3157894736842105,5.465354,5.5130296,256
705,1,coattention_fusion,-0.16213592927443346,0.0,0.02040816326530612,5.5126467,5.533105,256
175,1,coattention_fusion,0.9308666170748455,0.5294117647058824,0.6129032258064516,5.446264,5.5417485,256
288,1,coattention_fusion,-0.3356581883726253,0.0,0.030927835051546393,5.449178,5.5135345,256
525,1,coattention_fusion,0.4989828908216982,0.23809523809523808,0.3698630136986301,5.431043,5.5108805,256
219,1,coattention_fusion,0.7277072842755778,0.5294117647058824,0.6129032258064516,5.3809705,5.512863,256
282,1,coattention_fusion,0.3467112039368276,0.3684210526315789,0.26582278481012656,5.524576,5.4121313,256
207,1,coattention_fusion,0.6149884126802471,0.3,0.4492753623188406,5.423729,5.5368137,256
209,1,coattention_fusion,0.20270227740901803,0.5294117647058824,0.47058823529411764,5.1695967,5.5235586,256
233,1,coattention_fusion,0.46171678301670854,0.5294117647058824,0.4084507042253521,5.4291,5.476706,256
249,1,coattention_fusion,0.4357011043717097,0.5294117647058824,0.5625,5.444305,5.1988826,256
211,1,coattention_fusion,0.8363827534905012,0.4444444444444444,0.6949152542372882,5.1287136,5.349025,256
213,1,coattention_fusion,-0.4925776779583428,0.0,0.07526881720430108,5.4450226,5.529177,256
256,1,coattention_fusion,0.6201869707026778,0.625,0.6666666666666666,5.2117853,5.516839,256
277,1,coattention_fusion,0.73393296520943,0.18181818181818182,0.7241379310344828,5.4391747,5.53039,256
284,1,coattention_fusion,0.9480752174410619,0.4444444444444444,0.7857142857142857,4.999276,5.374222,256
229,1,coattention_fusion,0.8248662451361866,0.4444444444444444,0.3888888888888889,5.372363,5.4217405,256
257,1,coattention_fusion,0.6733577477683679,0.4444444444444444,0.5625,5.240622,5.2209024,256
527,1,coattention_fusion,0.820443751430533,0.7333333333333333,0.8867924528301887,4.5952606,4.745968,256
267,1,coattention_fusion,0.777995536736095,0.625,0.8181818181818182,4.928625,5.4807806,256
275,1,coattention_fusion,0.7377789539940489,0.625,0.6949152542372882,5.216934,5.3575897,256
281,1,coattention_fusion,0.8548709658960859,0.8571428571428571,0.6949152542372882,4.7487926,5.496174,256
243,1,coattention_fusion,0.465009155413138,0.7333333333333333,0.6949152542372882,5.1720867,5.536516,256
251,1,coattention_fusion,0.8892416742961775,0.3684210526315789,0.6129032258064516,5.16985,5.526362,256
259,1,coattention_fusion,0.908947270542458,0.3684210526315789,0.6949152542372882,5.216195,5.5081053,256
545,1,coattention_fusion,0.4216861696040283,0.3684210526315789,0.6129032258064516,5.1940784,5.5080614,256
565,1,coattention_fusion,0.4599197577963705,0.3684210526315789,0.25,5.4728394,5.541066,256
299,1,coattention_fusion,0.8199022945754176,0.7333333333333333,0.6949152542372882,5.347554,5.2438807,256
307,1,coattention_fusion,0.796282043945983,0.7333333333333333,0.6949152542372882,4.8753176,5.5183764,256
323,1,coattention_fusion,0.8248261902037077,0.23809523809523808,0.7241379310344828,5.225146,5.3959713,256
306,1,coattention_fusion,0.7967441062027922,0.3684210526315789,0.5151515151515151,5.3164663,5.246366,256
312,1,coattention_fusion,0.8456290054932477,0.3684210526315789,0.7241379310344828,5.1390114,5.4590726,256
327,1,coattention_fusion,0.8668216411078048,0.3684210526315789,0.6129032258064516,5.123445,5.370181,256
329,1,coattention_fusion,0.43467183566033407,0.4444444444444444,0.7241379310344828,5.2680254,5.308467,256
333,1,coattention_fusion,0.9183644712748911,0.3684210526315789,0.7543859649122807,5.167285,5.31059,256
347,1,coattention_fusion,0.5094930189974821,0.625,0.8518518518518519,5.0162506,5.067565,256
361,1,coattention_fusion,0.8264476997024489,0.625,0.639344262295082,5.1652846,5.263112,256
352,1,coattention_fusion,0.8115630006866558,0.5294117647058824,0.5873015873015873,5.2739973,5.5427504,256
318,1,coattention_fusion,-0.6305876630807964,0.0,0.0,5.399921,5.5403934,256
344,1,coattention_fusion,0.34683709086747533,0.625,0.6949152542372882,4.7801456,5.449267,256
388,1,coattention_fusion,0.5606960975051498,0.3684210526315789,0.3698630136986301,5.3612094,5.073329,256
422,1,coattention_fusion,0.504305905241474,0.3684210526315789,0.4084507042253521,5.4181256,5.543996,256
429,1,coattention_fusion,0.8287050812542914,0.3684210526315789,0.6949152542372882,5.3093824,5.4966087,256
392,1,coattention_fusion,0.6897831311512931,0.4444444444444444,0.42857142857142855,5.3690615,5.4474936,256
396,1,coattention_fusion,0.8657887960631722,0.7333333333333333,0.639344262295082,5.136098,5.357336,256
423,1,coattention_fusion,0.91210374227512,0.5294117647058824,0.639344262295082,4.9284606,5.475952,256
425,1,coattention_fusion,0.6308473048752573,0.3684210526315789,0.5151515151515151,5.420597,5.282381,256
439,1,coattention_fusion,0.9038238155184251,0.3684210526315789,0.639344262295082,5.1282363,5.414856,256
412,1,coattention_fusion,0.045012445639734486,0.3,0.0989010989010989,5.4417505,5.5277543,256
390,1,coattention_fusion,0.4460767624170289,0.4444444444444444,0.47058823529411764,5.3386526,5.530353,256
435,1,coattention_fusion,0.1879799439230945,0.3684210526315789,0.3157894736842105,5.513594,5.4405203,256
407,1,coattention_fusion,0.47434553101396193,0.7333333333333333,0.8181818181818182,5.0339828,5.5180492,256
420,1,coattention_fusion,0.4327985523002975,0.625,0.6129032258064516,5.2755785,5.1530538,256
395,1,coattention_fusion,0.8931291485465781,0.625,0.6949152542372882,5.153372,5.4681864,256
404,1,coattention_fusion,0.8876981288624398,0.3,0.639344262295082,5.169021,5.0439878,256
418,1,coattention_fusion,0.8143053330281527,0.625,0.6666666666666666,5.283983,5.281664,256
405,1,coattention_fusion,0.7645470931563286,0.625,0.6129032258064516,5.278562,5.5254383,256
424,1,coattention_fusion,0.7319008926527808,0.4444444444444444,0.5151515151515151,5.3729715,5.524228,256
443,1,coattention_fusion,0.7091654268711374,0.7333333333333333,0.4925373134328358,5.3264284,4.941151,256
464,1,coattention_fusion,0.5431584744792858,0.3684210526315789,0.42857142857142855,5.4792624,5.5101824,256
479,1,coattention_fusion,0.8537150949874112,0.5294117647058824,0.5873015873015873,5.3655157,5.434725,256
505,1,coattention_fusion,0.6773632410162507,0.4444444444444444,0.5151515151515151,5.3293657,5.4958334,256
478,1,coattention_fusion,0.7582620450904095,0.625,0.6129032258064516,5.285817,4.986624,256
486,1,coattention_fusion,0.7252152952620736,0.3684210526315789,0.7241379310344828,5.2583036,3.7212017,256
444,1,coattention_fusion,0.5735959315632868,0.3,0.639344262295082,5.3528256,5.315614,256
463,1,coattention_fusion,0.6564345387960631,0.5294117647058824,0.6129032258064516,5.29276,5.2609043,256
473,1,coattention_fusion,0.6192385271229113,0.18181818181818182,0.42857142857142855,5.4163065,5.1980166,256
453,1,coattention_fusion,0.8673115987640191,0.4444444444444444,0.7241379310344828,5.0523586,5.3926754,256
459,1,coattention_fusion,0.809757667658503,0.3684210526315789,0.5873015873015873,5.181365,5.5229645,256
461,1,coattention_fusion,0.6111359864957655,0.5294117647058824,0.639344262295082,5.351267,5.445983,256
470,1,coattention_fusion,0.5572892824444953,0.8571428571428571,0.7241379310344828,4.668916,5.4461327,256
481,1,coattention_fusion,0.5982819295033187,0.625,0.6949152542372882,5.116086,5.530837,256
496,1,coattention_fusion,0.7423015850308994,0.3,0.639344262295082,5.265557,5.504167,256
500,1,coattention_fusion,0.7721496623941403,0.625,0.7241379310344828,5.1644487,5.3380895,256
513,1,coattention_fusion,0.8724171721217668,0.625,0.6949152542372882,4.890068,4.8094177,256
475,1,coattention_fusion,0.7892552643625542,0.23809523809523808,0.4925373134328358,5.144429,5.545015,256
514,1,coattention_fusion,0.8361767566948957,0.4444444444444444,0.6949152542372882,5.063552,5.535351,256
541,1,coattention_fusion,0.6566984721904325,0.3,0.4925373134328358,5.3794923,5.2723355,256
593,1,coattention_fusion,0.5033159761959257,0.4444444444444444,0.20481927710843373,5.4621325,5.475196,256
544,1,coattention_fusion,0.5294046120393682,0.4444444444444444,0.26582278481012656,5.4190063,5.533822,256
577,1,coattention_fusion,-0.31492618448157467,0.0,0.07526881720430108,5.3681993,5.527196,256
557,1,coattention_fusion,0.4225058651865415,0.23809523809523808,0.4084507042253521,5.4444246,5.373045,256
696,1,coattention_fusion,-0.1230737869077592,0.0,0.16279069767441862,5.479359,5.5231905,256
697,1,coattention_fusion,-0.1837806134126802,0.0,0.0989010989010989,5.4563,5.504961,256
698,1,coattention_fusion,-0.19387016479743646,0.0,0.1111111111111111,5.4262276,5.541461,256
699,1,coattention_fusion,0.8456762130922405,0.4444444444444444,0.4492753623188406,5.4150233,5.5439854,256
700,1,coattention_fusion,0.2592655642023346,0.08333333333333333,0.14942528735632185,5.514483,5.545077,256
701,1,coattention_fusion,0.04129448958571755,0.23809523809523808,0.16279069767441862,5.5090857,5.5436463,256
702,1,coattention_fusion,0.7500522144655526,0.23809523809523808,0.3698630136986301,5.505696,5.343297,256
703,1,coattention_fusion,-0.3146007381551842,0.0,0.06382978723404255,5.4410486,5.5305085,256
706,1,coattention_fusion,-0.4458428702220187,0.0,0.010101010101010102,5.4092484,5.520382,256
708,1,coattention_fusion,-0.676672293430991,0.0,0.0,5.323528,5.280675,256
740,1,coattention_fusion,-0.049960660334172576,0.0,0.28205128205128205,5.4145384,5.5129347,256
712,1,coattention_fusion,-0.42284704737926293,0.0,0.010101010101010102,5.2937007,5.383767,256
895,1,coattention_fusion,0.47146729800869763,0.625,0.7857142857142857,5.0845184,5.3350573,256
953,1,coattention_fusion,0.5051978427557793,0.4444444444444444,0.3888888888888889,5.4442787,5.516508,256
745,1,coattention_fusion,-0.6089315346761272,0.0,0.0,5.39645,5.381768,256
746,1,coattention_fusion,-0.002037079423208972,0.04,0.25,5.469601,5.1610003,256
747,1,coattention_fusion,-0.5339780270084686,0.0,0.0,5.255615,5.442977,256
748,1,coattention_fusion,-0.8186198214694436,0.0,0.0,4.9599786,5.5277166,256
884,1,coattention_fusion,0.4625128747997253,0.3,0.3698630136986301,5.432213,5.4534683,256
772,1,coattention_fusion,0.7615422579537651,0.7333333333333333,0.6129032258064516,5.3489923,5.5435057,256
773,1,coattention_fusion,-0.3486524376287479,0.0,0.06382978723404255,5.408938,5.5394197,256
774,1,coattention_fusion,0.32130850881208506,0.3,0.42857142857142855,5.4155397,5.537504,256
885,1,coattention_fusion,0.549731775005722,0.3684210526315789,0.3698630136986301,5.4072323,5.5119915,256
886,1,coattention_fusion,0.5834737640192263,0.5294117647058824,0.3698630136986301,5.422764,5.219389,256
775,1,coattention_fusion,0.5914239528496222,0.3,0.6129032258064516,4.9661856,5.35027,256
776,1,coattention_fusion,-0.01965838864728771,0.23809523809523808,0.26582278481012656,5.4982758,5.532954,256
777,1,coattention_fusion,-0.472397859922179,0.0,0.0,5.266096,5.5431275,256
842,1,coattention_fusion,0.6494378004119935,0.5294117647058824,0.6129032258064516,5.2746515,5.544434,256
843,1,coattention_fusion,-0.8479099908445867,0.0,0.0,5.27504,5.536607,256
868,1,coattention_fusion,-0.43062271114671546,0.0,0.0,5.2100773,5.5407906,256
869,1,coattention_fusion,-0.49645084687571517,0.0,0.0,5.422579,5.5264244,256
874,1,coattention_fusion,-0.7517988956282902,0.0,0.0,5.1937428,5.5358458,256
875,1,coattention_fusion,0.23992976081483175,0.3,0.28205128205128205,5.4764414,5.5372696,256
906,1,coattention_fusion,0.630843013275349,0.5294117647058824,0.5384615384615384,5.256068,5.48608,256
907,1,coattention_fusion,0.5479006923781186,0.4444444444444444,0.42857142857142855,5.4744506,5.510314,256
910,1,coattention_fusion,-0.6601410505836575,0.0,0.02040816326530612,5.4184294,5.544128,256
912,1,coattention_fusion,0.5722791256580452,0.5294117647058824,0.3888888888888889,5.402178,5.518154,256
913,1,coattention_fusion,0.5813966296635384,0.18181818181818182,0.4925373134328358,5.465973,5.5373955,256
914,1,coattention_fusion,0.7505192835889218,0.4444444444444444,0.5151515151515151,5.378381,5.544729,256
933,1,coattention_fusion,-0.6376037136644539,0.0,0.0,5.2878127,5.538318,256
934,1,coattention_fusion,-0.400308995193408,0.0,0.010101010101010102,5.306125,5.544584,256
935,1,coattention_fusion,0.8363384069581138,0.23809523809523808,0.6949152542372882,5.0818415,5.5438347,256
936,1,coattention_fusion,-0.22106960975051493,0.0,0.02040816326530612,5.270419,5.544873,256
937,1,coattention_fusion,-0.3401715209430075,0.0,0.0,5.1949415,5.5449033,256
17,2,intermediate_fusion,0.8635492961776148,0.13043478260869565,0.47058823529411764,5.4269037,4.950323,256
38,2,intermediate_fusion,0.8384741931792171,0.18181818181818182,0.47058823529411764,5.483397,5.011075,256
667,2,intermediate_fusion,0.8152337491416799,0.4444444444444444,0.639344262295082,5.4086313,4.5449567,256
169,2,intermediate_fusion,0.4873483634699015,0.3684210526315789,0.3888888888888889,5.4620204,4.722411,256
199,2,intermediate_fusion,0.9224500743877314,0.18181818181818182,0.6129032258064516,5.4532785,4.9731402,256
203,2,intermediate_fusion,0.9296642538338291,0.3,0.6666666666666666,5.461734,4.981865,256
151,2,intermediate_fusion,0.9426735236896313,0.625,0.5625,5.444894,4.97523,256
158,2,intermediate_fusion,0.8884999427786677,0.3684210526315789,0.4925373134328358,5.426411,4.710932,256
528,2,intermediate_fusion,0.9346031700617989,0.3684210526315789,0.639344262295082,5.454306,5.009373,256
166,2,intermediate_fusion,0.9229922465094985,0.3,0.5625,5.4398623,5.0480905,256
190,2,intermediate_fusion,0.9324816891737239,0.3684210526315789,0.5625,5.445457,4.9677753,256
531,2,intermediate_fusion,0.9438465609979398,0.3684210526315789,0.5625,5.43614,4.9509916,256
162,2,intermediate_fusion,0.9436005092698556,0.3,0.5873015873015873,5.4145966,4.883365,256
173,2,intermediate_fusion,0.8144040398260469,0.5294117647058824,0.6129032258064516,5.3931317,4.612257,256
186,2,intermediate_fusion,0.9664761673151749,0.3684210526315789,0.6666666666666666,5.4108267,4.6758614,256
171,2,intermediate_fusion,0.8975394827191576,0.4444444444444444,0.6129032258064516,5.4673862,4.81431,256
183,2,intermediate_fusion,0.9609063859006636,0.3684210526315789,0.7543859649122807,5.4300995,4.7368402,256
198,2,intermediate_fusion,0.7640979056992445,0.4444444444444444,0.6949152542372882,5.3487453,4.636985,256
188,2,intermediate_fusion,0.5966504062714578,0.13043478260869565,0.21951219512195122,5.5177145,5.3478107,256
192,2,intermediate_fusion,0.7164883268482489,0.08333333333333333,0.26582278481012656,5.5000076,4.854311,256
711,2,intermediate_fusion,0.9047915712977798,0.7333333333333333,0.8181818181818182,5.3871784,4.8145022,256
201,2,intermediate_fusion,0.8496130407415883,0.3684210526315789,0.5873015873015873,5.381771,4.856679,256
182,2,intermediate_fusion,0.6455210002288851,0.4444444444444444,0.5625,5.3750973,4.732918,256
178,2,intermediate_fusion,0.2359020943007553,0.04,0.17647058823529413,5.521594,4.323698,256
196,2,intermediate_fusion,0.5376723792629892,0.3,0.3888888888888889,5.523196,5.4637356,256
523,2,intermediate_fusion,0.4547021629663538,0.18181818181818182,0.47058823529411764,5.5168405,5.011488,256
521,2,intermediate_fusion,0.7762510013733118,0.4444444444444444,0.47058823529411764,5.47943,5.064357,256
217,2,intermediate_fusion,0.7502317463950559,0.3684210526315789,0.6129032258064516,5.4136724,4.7484784,256
225,2,intermediate_fusion,0.91303358892195,0.4444444444444444,0.6129032258064516,5.4169965,4.7908134,256
261,2,intermediate_fusion,0.8217684252689401,0.4444444444444444,0.6129032258064516,5.4294786,4.978617,256
227,2,intermediate_fusion,0.3676005664911879,0.18181818181818182,0.4492753623188406,5.4353285,4.2033515,256
235,2,intermediate_fusion,0.9136222533760584,0.18181818181818182,0.6666666666666666,5.443244,4.8944883,256
580,2,intermediate_fusion,0.764867532616159,0.625,0.6666666666666666,5.3808236,4.9117203,256
341,2,intermediate_fusion,0.7551134412909132,0.3,0.5625,5.4432287,5.2206497,256
338,2,intermediate_fusion,0.8520335030899517,0.23809523809523808,0.5625,5.494603,5.1741986,256
309,2,intermediate_fusion,0.895031042572671,0.18181818181818182,0.5151515151515151,5.338374,4.847692,256
350,2,intermediate_fusion,0.8846704051270311,0.23809523809523808,0.5625,5.348475,4.7562213,256
373,2,intermediate_fusion,0.8662022201876859,0.23809523809523808,0.3698630136986301,5.45165,4.9828773,256
334,2,intermediate_fusion,0.8364235236896314,0.18181818181818182,0.3333333333333333,5.469876,5.0441866,256
337,2,intermediate_fusion,0.8166850251773861,0.08333333333333333,0.3888888888888889,5.495348,5.2024646,256
324,2,intermediate_fusion,0.884208342870222,0.23809523809523808,0.4925373134328358,5.418762,4.9239097,256
308,2,intermediate_fusion,0.8862032215609978,0.3,0.5625,5.371306,4.579423,256
332,2,intermediate_fusion,0.9300476367589835,0.3684210526315789,0.5384615384615384,5.424855,4.7847834,256
354,2,intermediate_fusion,0.40511487182421596,0.7333333333333333,0.4925373134328358,5.3614626,4.5108,256
372,2,intermediate_fusion,0.8665405413138018,0.23809523809523808,0.5384615384615384,5.4066668,5.0021777,256
358,2,intermediate_fusion,0.8128097104600593,0.4444444444444444,0.5384615384615384,5.473405,4.725156,256
445,2,intermediate_fusion,0.7777881094071868,0.7333333333333333,0.4925373134328358,5.452262,5.216036,256
440,2,intermediate_fusion,0.9538846131837948,0.23809523809523808,0.5873015873015873,5.4582205,4.996385,256
446,2,intermediate_fusion,0.47755493247882796,0.04,0.08695652173913043,5.523038,4.7866483,256
450,2,intermediate_fusion,0.7209644655527578,0.3684210526315789,0.3888888888888889,5.4508896,4.7145076,256
466,2,intermediate_fusion,0.9368727111467153,0.5294117647058824,0.6666666666666666,5.4277797,4.8248844,256
441,2,intermediate_fusion,0.8751223105973907,0.4444444444444444,0.42857142857142855,5.4766397,5.076559,256
455,2,intermediate_fusion,0.7039132238498511,0.3,0.4084507042253521,5.4969606,4.430215,256
484,2,intermediate_fusion,0.3459344243533989,0.13043478260869565,0.25,5.52663,4.4044766,256
449,2,intermediate_fusion,0.9316569867246509,0.3,0.4925373134328358,5.4328823,4.9095073,256
454,2,intermediate_fusion,0.2560933566033417,0.13043478260869565,0.20481927710843373,5.4804955,4.7240105,256
460,2,intermediate_fusion,0.8737053673609521,0.3684210526315789,0.639344262295082,5.48314,5.067751,256
468,2,intermediate_fusion,0.0666556992446784,0.18181818181818182,0.12359550561797752,5.521469,4.6684933,256
485,2,intermediate_fusion,-0.2655670634012359,0.0,0.030927835051546393,5.5372915,4.350857,256
504,2,intermediate_fusion,0.7118340867475393,0.18181818181818182,0.3333333333333333,5.477045,4.797104,256
512,2,intermediate_fusion,0.9393983176928357,0.3,0.6949152542372882,5.3256397,4.7679996,256
517,2,intermediate_fusion,0.13814803158617528,0.0,0.1111111111111111,5.530402,4.3753443,256
447,2,intermediate_fusion,0.938628690775921,0.5294117647058824,0.5625,5.3917,4.861516,256
491,2,intermediate_fusion,0.8415670061799038,0.4444444444444444,0.639344262295082,5.3701324,4.7816925,256
508,2,intermediate_fusion,0.6765034905012587,0.3684210526315789,0.3698630136986301,5.440159,4.371871,256
451,2,intermediate_fusion,0.9258676184481572,0.4444444444444444,0.639344262295082,5.4781775,4.7171674,256
471,2,intermediate_fusion,0.8466325246051727,0.3,0.4925373134328358,5.433842,4.6223154,256
472,2,intermediate_fusion,0.895924410620279,0.5294117647058824,0.6666666666666666,5.4811306,4.9529047,256
482,2,intermediate_fusion,0.8426527809567406,0.23809523809523808,0.2987012987012987,5.482908,4.446865,256
480,2,intermediate_fusion,0.7795004577706569,0.23809523809523808,0.7241379310344828,5.427371,4.8858986,256
487,2,intermediate_fusion,0.4317556935225451,0.13043478260869565,0.26582278481012656,5.496061,4.618576,256
507,2,intermediate_fusion,0.7525148775463492,0.4444444444444444,0.47058823529411764,5.476067,4.607725,256
488,2,intermediate_fusion,0.5925469214923322,0.3684210526315789,0.42857142857142855,5.4330826,4.7472115,256
510,2,intermediate_fusion,0.5370701247425039,0.08333333333333333,0.3888888888888889,5.5001087,5.0230637,256
457,2,intermediate_fusion,0.7430569066147859,0.3,0.4084507042253521,5.4332924,4.7051754,256
490,2,intermediate_fusion,0.6268546864271,0.18181818181818182,0.3698630136986301,5.454636,4.9013615,256
499,2,intermediate_fusion,0.4912580109864957,0.4444444444444444,0.42857142857142855,5.5083685,5.033676,256
503,2,intermediate_fusion,0.6879470416571296,0.08333333333333333,0.4492753623188406,5.4988103,4.576891,256
511,2,intermediate_fusion,0.8791013389791713,0.4444444444444444,0.7543859649122807,5.4859447,4.6592464,256
589,2,intermediate_fusion,0.9293945983062484,0.5294117647058824,0.5873015873015873,5.4419174,4.9527087,256
613,2,intermediate_fusion,0.9511923495078963,0.4444444444444444,0.6666666666666666,5.4264097,4.8727193,256
617,2,intermediate_fusion,0.8858691920347904,0.5294117647058824,0.5873015873015873,5.39332,4.6182694,256
672,2,intermediate_fusion,0.7585302700846874,0.3684210526315789,0.4084507042253521,5.4412355,4.635597,256
671,2,intermediate_fusion,0.8985666056305789,0.3,0.5384615384615384,5.4364386,4.733741,256
622,2,intermediate_fusion,0.9529826619363697,0.7333333333333333,0.7241379310344828,5.4038644,4.689394,256
627,2,intermediate_fusion,0.9664168001831079,0.4444444444444444,0.7241379310344828,5.403635,4.7125835,256
630,2,intermediate_fusion,0.9694388017853055,0.625,0.639344262295082,5.3870063,4.5723095,256
637,2,intermediate_fusion,0.9425560308702138,0.5294117647058824,0.5625,5.4419203,4.8802834,256
651,2,intermediate_fusion,0.9650806820782787,0.7333333333333333,0.7857142857142857,5.3603516,4.4258943,256
661,2,intermediate_fusion,0.9400685225452048,0.3684210526315789,0.6666666666666666,5.445204,4.951311,256
621,2,intermediate_fusion,0.06023975738155182,0.18181818181818182,0.3333333333333333,5.493219,4.268216,256
625,2,intermediate_fusion,0.9435311284046691,0.5294117647058824,0.7543859649122807,5.4154367,4.793996,256
636,2,intermediate_fusion,0.9357197013046461,0.625,0.639344262295082,5.4329705,4.7826,256
639,2,intermediate_fusion,0.9431835088120849,0.23809523809523808,0.7241379310344828,5.4192142,4.977171,256
645,2,intermediate_fusion,0.6983777752346073,0.3,0.6129032258064516,5.4430084,4.9078875,256
664,2,intermediate_fusion,0.9338900492103454,0.4444444444444444,0.5384615384615384,5.4355097,4.9056673,256
652,2,intermediate_fusion,0.4060218299382009,0.4444444444444444,0.5625,5.44162,4.4544425,256
632,2,intermediate_fusion,0.12341639963378345,0.08333333333333333,0.14942528735632185,5.525588,5.4570255,256
723,2,intermediate_fusion,0.5214644369420919,0.625,0.7543859649122807,5.2909465,4.3346233,256
721,2,intermediate_fusion,0.8321898603799496,0.4444444444444444,0.639344262295082,5.4194336,4.694264,256
735,2,intermediate_fusion,0.9242475394827189,0.3,0.5625,5.4759297,4.9837756,256
957,2,intermediate_fusion,0.8779962520027466,0.23809523809523808,0.4925373134328358,5.411231,4.861638,256
958,2,intermediate_fusion,0.9020098992904553,0.18181818181818182,0.47058823529411764,5.464525,5.0554266,256
762,2,intermediate_fusion,0.9283438715953306,0.5294117647058824,0.6949152542372882,5.4356236,4.4579277,256
796,2,intermediate_fusion,0.6133404383154037,0.3,0.5151515151515151,5.439684,4.907343,256
797,2,intermediate_fusion,0.8333493076218813,0.18181818181818182,0.3333333333333333,5.4890976,5.1230035,256
798,2,intermediate_fusion,0.7783774891279469,0.3684210526315789,0.4084507042253521,5.4978743,5.0648794,256
799,2,intermediate_fusion,0.9208106832227051,0.7333333333333333,0.639344262295082,5.4351215,4.863093,256
800,2,intermediate_fusion,0.91586389906157,0.4444444444444444,0.6129032258064516,5.487507,5.1039524,256
801,2,intermediate_fusion,0.8979843785763331,0.23809523809523808,0.4925373134328358,5.4732428,5.016436,256
802,2,intermediate_fusion,0.8911192492561227,0.4444444444444444,0.5873015873015873,5.473132,4.990147,256
803,2,intermediate_fusion,0.794473134584573,0.5294117647058824,0.639344262295082,5.4214363,4.8921037,256
818,2,intermediate_fusion,0.7183902208743418,0.08333333333333333,0.3157894736842105,5.505376,5.0062304,256
827,2,intermediate_fusion,0.9198901350423436,0.3,0.5384615384615384,5.42889,4.984864,256
858,2,intermediate_fusion,0.7431262874799724,0.3,0.5873015873015873,5.4360065,4.9255686,256
859,2,intermediate_fusion,0.9190654325932707,0.3684210526315789,0.5384615384615384,5.4643216,5.050476,256
860,2,intermediate_fusion,0.8757710574502172,0.3,0.42857142857142855,5.465987,5.0660973,256
861,2,intermediate_fusion,0.9265785934996564,0.23809523809523808,0.7241379310344828,5.4823093,5.0277853,256
883,2,intermediate_fusion,0.5244242103456167,0.0,0.26582278481012656,5.479537,4.776617,256
908,2,intermediate_fusion,0.8836239700160219,0.4444444444444444,0.7857142857142857,5.3319917,4.286904,256
909,2,intermediate_fusion,0.7805104142824444,0.4444444444444444,0.639344262295082,5.366478,4.6066337,256
911,2,intermediate_fusion,0.8861331254291599,0.5294117647058824,0.7543859649122807,5.352807,4.6646724,256
915,2,intermediate_fusion,0.7605945296406499,0.625,0.6666666666666666,5.363421,4.2588167,256
922,2,intermediate_fusion,0.8351231689173723,0.5294117647058824,0.5625,5.4440966,4.9316325,256
923,2,intermediate_fusion,0.8469300755321582,0.18181818181818182,0.6129032258064516,5.4624305,4.968925,256
924,2,intermediate_fusion,0.9214522774090179,0.4444444444444444,0.5625,5.4476147,4.965183,256
925,2,intermediate_fusion,0.9078550583657586,0.18181818181818182,0.5151515151515151,5.458971,4.990641,256
926,2,intermediate_fusion,0.707557507438773,0.18181818181818182,0.4925373134328358,5.503358,5.256356,256
955,2,intermediate_fusion,0.9061670290684365,0.3,0.4492753623188406,5.4082766,4.758336,256
956,2,intermediate_fusion,0.8006938086518653,0.5294117647058824,0.7543859649122807,5.2893143,4.6026363,256
17,2,coattention_fusion,0.4272616731517509,0.0,0.0989010989010989,5.4269037,5.497306,256
38,2,coattention_fusion,0.1697055962462806,0.0,0.08695652173913043,5.483397,5.1201515,256
667,2,coattention_fusion,0.6983055333028152,0.0,0.28205128205128205,5.4086313,5.5389104,256
169,2,coattention_fusion,0.3686484321355001,0.0,0.12359550561797752,5.4620204,5.5176296,256
199,2,coattention_fusion,-0.11867275120164796,0.0,0.02040816326530612,5.4532785,5.5055113,256
203,2,coattention_fusion,0.65277952620737,0.13043478260869565,0.2345679012345679,5.461734,5.542498,256
151,2,coattention_fusion,0.5929417486839093,0.0,0.16279069767441862,5.444894,5.5429792,256
158,2,coattention_fusion,-0.5702303463017848,0.0,0.0,5.426411,5.475584,256
528,2,coattention_fusion,0.53725108720531,0.0,0.17647058823529413,5.454306,5.5432367,256
166,2,coattention_fusion,-0.32881737811856254,0.0,0.041666666666666664,5.4398623,4.8619876,256
190,2,coattention_fusion,-0.3736710345616845,0.0,0.041666666666666664,5.445457,5.505253,256
531,2,coattention_fusion,0.4163467040512702,0.0,0.13636363636363635,5.43614,5.451938,256
162,2,coattention_fusion,0.8097440775921262,0.4444444444444444,0.639344262295082,5.4145966,5.5260773,256
173,2,coattention_fusion,0.062145227740901796,0.08333333333333333,0.2345679012345679,5.3931317,5.5262303,256
186,2,coattention_fusion,0.3296556706340123,0.3684210526315789,0.2987012987012987,5.4108267,5.5370007,256
171,2,coattention_fusion,0.21500414854657812,0.0,0.1111111111111111,5.4673862,5.4566107,256
183,2,coattention_fusion,0.3913588635843442,0.13043478260869565,0.3333333333333333,5.4300995,5.542638,256
198,2,coattention_fusion,0.5687793259327076,0.0,0.08695652173913043,5.3487453,5.3843565,256
188,2,coattention_fusion,0.8378190089265276,0.3,0.3888888888888889,5.5177145,5.5419188,256
192,2,coattention_fusion,-0.4964129377431905,0.0,0.030927835051546393,5.5000076,5.5260525,256
711,2,coattention_fusion,0.866514791714351,0.4444444444444444,0.4925373134328358,5.3871784,5.5292006,256
201,2,coattention_fusion,0.7411700331883725,0.04,0.14942528735632185,5.381771,5.5155745,256
182,2,coattention_fusion,-0.81606202792401,0.04,0.010101010101010102,5.3750973,4.806898,256
178,2,coattention_fusion,0.37349293316548404,0.13043478260869565,0.25,5.521594,5.537371,256
196,2,coattention_fusion,0.24918674181734948,0.23809523809523808,0.3333333333333333,5.523196,5.149245,256
523,2,coattention_fusion,0.6798101682307163,0.18181818181818182,0.5384615384615384,5.5168405,5.4608912,256
521,2,coattention_fusion,0.017691405355916685,0.0,0.19047619047619047,5.47943,4.5068593,256
217,2,coattention_fusion,-0.6060361352712289,0.0,0.0,5.4136724,5.4936767,256
225,2,coattention_fusion,-0.26820353627832455,0.0,0.12359550561797752,5.4169965,5.430608,256
261,2,coattention_fusion,0.4736130979629205,0.0,0.0989010989010989,5.4294786,5.430431,256
227,2,coattention_fusion,0.7802665083543144,0.18181818181818182,0.5625,5.4353285,5.3690443,256
235,2,coattention_fusion,0.7533317120622567,0.08333333333333333,0.2345679012345679,5.443244,5.532792,256
580,2,coattention_fusion,-0.28161407072556643,0.13043478260869565,0.21951219512195122,5.3808236,4.7586384,256
341,2,coattention_fusion,0.8985301270313572,0.18181818181818182,0.47058823529411764,5.4432287,5.5389814,256
338,2,coattention_fusion,0.3101675154497596,0.0,0.041666666666666664,5.494603,5.52378,256
309,2,coattention_fusion,0.603344586861982,0.0,0.05263157894736842,5.338374,5.121607,256
350,2,coattention_fusion,0.05486953536278324,0.0,0.1111111111111111,5.348475,4.669018,256
373,2,coattention_fusion,-0.3538316834515907,0.0,0.0,5.45165,5.4568024,256
334,2,coattention_fusion,0.3944881551842527,0.0,0.17647058823529413,5.469876,5.021958,256
337,2,coattention_fusion,0.3619700521375894,0.0,0.07526881720430108,5.495348,5.4206696,256
324,2,coattention_fusion,0.04405899519340809,0.23809523809523808,0.14942528735632185,5.418762,5.5011396,256
308,2,coattention_fusion,0.09433008125429158,0.18181818181818182,0.28205128205128205,5.371306,5.4850245,256
332,2,coattention_fusion,0.0699394884412909,0.0,0.06382978723404255,5.424855,5.522135,256
354,2,coattention_fusion,-0.7977168688487067,0.0,0.0,5.3614626,5.4683356,256
372,2,coattention_fusion,0.7128039883268482,0.08333333333333333,0.17647058823529413,5.4066668,5.510426,256
358,2,coattention_fusion,0.5988891908903637,0.04,0.3698630136986301,5.473405,5.537219,256
445,2,coattention_fusion,0.27104529068436706,0.08333333333333333,0.5625,5.452262,4.1365395,256
440,2,coattention_fusion,0.5935997940032043,0.3,0.47058823529411764,5.4582205,5.542559,256
446,2,coattention_fusion,-0.2156142710002288,0.0,0.08695652173913043,5.523038,5.538957,256
450,2,coattention_fusion,0.6336010814831768,0.0,0.28205128205128205,5.4508896,5.2234926,256
466,2,coattention_fusion,0.12981875143053329,0.08333333333333333,0.2345679012345679,5.4277797,5.518805,256
441,2,coattention_fusion,-0.3385278381780727,0.0,0.010101010101010102,5.4766397,5.3305197,256
455,2,coattention_fusion,0.059967956054016926,0.08333333333333333,0.13636363636363635,5.4969606,5.5421667,256
484,2,coattention_fusion,0.3293266479743648,0.23809523809523808,0.3888888888888889,5.52663,5.4654627,256
449,2,coattention_fusion,-0.07799982833600363,0.0,0.02040816326530612,5.4328823,5.438637,256
454,2,coattention_fusion,0.36590681506065453,0.0,0.26582278481012656,5.4804955,5.3429937,256
460,2,coattention_fusion,-0.23004191462577245,0.0,0.041666666666666664,5.48314,5.4454107,256
468,2,coattention_fusion,0.09457255664911877,0.04,0.21951219512195122,5.521469,5.348111,256
485,2,coattention_fusion,-0.10696169031815059,0.0,0.041666666666666664,5.5372915,5.5387626,256
504,2,coattention_fusion,0.6076175898374914,0.13043478260869565,0.3333333333333333,5.477045,5.514871,256
512,2,coattention_fusion,0.5992747196154725,0.0,0.041666666666666664,5.3256397,4.9830475,256
517,2,coattention_fusion,0.018707799267566945,0.13043478260869565,0.20481927710843373,5.530402,5.4064207,256
447,2,coattention_fusion,0.1719243533989471,0.0,0.030927835051546393,5.3917,5.446494,256
491,2,coattention_fusion,0.41119678416113525,0.23809523809523808,0.35135135135135137,5.3701324,5.2705812,256
508,2,coattention_fusion,0.47563658731975267,0.3,0.5873015873015873,5.440159,5.5378075,256
451,2,coattention_fusion,0.39598663881895163,0.0,0.16279069767441862,5.4781775,5.536156,256
471,2,coattention_fusion,0.25183108262760356,0.0,0.041666666666666664,5.433842,5.4838943,256
472,2,coattention_fusion,0.5285577363241015,0.4444444444444444,0.6129032258064516,5.4811306,5.5412416,256
482,2,coattention_fusion,0.44978542000457766,0.04,0.16279069767441862,5.482908,5.495715,256
480,2,coattention_fusion,0.3982268539711604,0.0,0.05263157894736842,5.427371,5.3637257,256
487,2,coattention_fusion,0.6029919604028381,0.23809523809523808,0.47058823529411764,5.496061,5.53011,256
507,2,coattention_fusion,-0.09381938086518653,0.04,0.16279069767441862,5.476067,5.5123587,256
488,2,coattention_fusion,0.7524633783474478,0.0,0.28205128205128205,5.4330826,5.2686563,256
510,2,coattention_fusion,0.31032988097962916,0.3,0.35135135135135137,5.5001087,5.543026,256
457,2,coattention_fusion,0.7685847734035247,0.04,0.3333333333333333,5.4332924,5.4154906,256
490,2,coattention_fusion,0.8079981116960402,0.04,0.3333333333333333,5.454636,5.487385,256
499,2,coattention_fusion,0.36688744563973447,0.3,0.3698630136986301,5.5083685,5.5378866,256
503,2,coattention_fusion,0.6127517738612954,0.13043478260869565,0.4084507042253521,5.4988103,5.5229692,256
511,2,coattention_fusion,0.32916428244449525,0.08333333333333333,0.3333333333333333,5.4859447,5.4090796,256
589,2,coattention_fusion,-0.27132424467841604,0.0,0.0,5.4419174,5.524152,256
613,2,coattention_fusion,0.5254170004577706,0.0,0.041666666666666664,5.4264097,5.536188,256
617,2,coattention_fusion,0.4530255779354543,0.0,0.12359550561797752,5.39332,5.0668178,256
672,2,coattention_fusion,0.6466504062714579,0.0,0.20481927710843373,5.4412355,5.513432,256
671,2,coattention_fusion,0.7170476653696497,0.18181818181818182,0.3333333333333333,5.4364386,5.542966,256
622,2,coattention_fusion,-0.37480258640421144,0.04,0.0989010989010989,5.4038644,5.5208716,256
627,2,coattention_fusion,-0.28601510643167766,0.08333333333333333,0.12359550561797752,5.403635,5.426746,256
630,2,coattention_fusion,0.11617575532158389,0.3,0.2987012987012987,5.3870063,5.458627,256
637,2,coattention_fusion,-0.11389190890363925,0.13043478260869565,0.21951219512195122,5.4419203,5.521868,256
651,2,coattention_fusion,0.41555991073472187,0.3,0.5625,5.3603516,5.5416756,256
661,2,coattention_fusion,0.7431756408789195,0.04,0.19047619047619047,5.445204,5.5296288,256
621,2,coattention_fusion,-0.176498483634699,0.04,0.2345679012345679,5.493219,5.5423093,256
625,2,coattention_fusion,0.8555154211490041,0.13043478260869565,0.42857142857142855,5.4154367,5.539423,256
636,2,coattention_fusion,0.7701032845044631,0.18181818181818182,0.5873015873015873,5.4329705,5.5422964,256
639,2,coattention_fusion,-0.7311398489356831,0.0,0.0,5.4192142,5.5345883,256
645,2,coattention_fusion,-0.3848342011902037,0.0,0.0,5.4430084,5.4659767,256
664,2,coattention_fusion,-0.3159676127260242,0.0,0.05263157894736842,5.4355097,5.540858,256
652,2,coattention_fusion,0.0855644884412909,0.08333333333333333,0.28205128205128205,5.44162,5.3360906,256
632,2,coattention_fusion,0.7341232261387044,0.18181818181818182,0.6129032258064516,5.525588,5.3754096,256
723,2,coattention_fusion,0.9393017566948958,0.4444444444444444,0.7543859649122807,5.2909465,5.2146235,256
721,2,coattention_fusion,-0.38550941290913243,0.0,0.010101010101010102,5.4194336,5.5314913,256
735,2,coattention_fusion,0.7372403582055389,0.23809523809523808,0.4492753623188406,5.4759297,5.535431,256
957,2,coattention_fusion,0.7580996795605399,0.08333333333333333,0.2345679012345679,5.411231,5.5431943,256
958,2,coattention_fusion,-0.2930075532158388,0.0,0.041666666666666664,5.464525,5.491535,256
762,2,coattention_fusion,0.6639505607690546,0.04,0.16279069767441862,5.4356236,5.5429935,256
796,2,coattention_fusion,-0.14397173266193636,0.18181818181818182,0.3333333333333333,5.439684,4.308494,256
797,2,coattention_fusion,0.3392659933623254,0.0,0.14942528735632185,5.4890976,5.3907833,256
798,2,coattention_fusion,0.4959416657025545,0.0,0.1111111111111111,5.4978743,5.5349164,256
799,2,coattention_fusion,0.4700381952391851,0.18181818181818182,0.3333333333333333,5.4351215,5.5196924,256
800,2,coattention_fusion,-0.005362354085603112,0.0,0.05263157894736842,5.487507,5.5188546,256
801,2,coattention_fusion,0.32230988212405576,0.0,0.08695652173913043,5.4732428,5.516352,256
802,2,coattention_fusion,0.3621137560082398,0.0,0.21951219512195122,5.473132,5.5194445,256
803,2,coattention_fusion,0.4031242847333485,0.04,0.16279069767441862,5.4214363,5.5271225,256
818,2,coattention_fusion,-0.3889777409018081,0.23809523809523808,0.08695652173913043,5.505376,4.7850833,256
827,2,coattention_fusion,0.03829466124971389,0.0,0.05263157894736842,5.42889,3.1736302,256
858,2,coattention_fusion,0.538319695582513,0.04,0.14942528735632185,5.4360065,5.507306,256
859,2,coattention_fusion,0.046977283131151286,0.0,0.05263157894736842,5.4643216,5.5053415,256
860,2,coattention_fusion,0.4920548180361638,0.08333333333333333,0.19047619047619047,5.465987,5.530223,256
861,2,coattention_fusion,0.3445711261158159,0.0,0.07526881720430108,5.4823093,5.5395756,256
883,2,coattention_fusion,0.5498505092698557,0.3,0.5384615384615384,5.479537,5.3381257,256
908,2,coattention_fusion,0.15423652437628746,0.0,0.26582278481012656,5.3319917,5.51238,256
909,2,coattention_fusion,0.9264813172350652,0.13043478260869565,0.3888888888888889,5.366478,5.497223,256
911,2,coattention_fusion,0.9682221332112609,0.3,0.6949152542372882,5.352807,5.447842,256
915,2,coattention_fusion,-0.3498898489356832,0.04,0.0989010989010989,5.363421,5.4600487,256
922,2,coattention_fusion,0.19755664911879142,0.04,0.25,5.4440966,3.2939682,256
923,2,coattention_fusion,0.4288831826504921,0.0,0.25,5.4624305,5.110367,256
924,2,coattention_fusion,0.41004806591897447,0.0,0.14942528735632185,5.4476147,4.837653,256
925,2,coattention_fusion,0.18505307278553443,0.0,0.0989010989010989,5.458971,3.0242424,256
926,2,coattention_fusion,0.3226217383840695,0.0,0.21951219512195122,5.503358,5.159156,256
955,2,coattention_fusion,0.4145742732890821,0.0,0.06382978723404255,5.4082766,5.4457607,256
956,2,coattention_fusion,0.8924653810940718,0.04,0.35135135135135137,5.2893143,5.2546434,256
82,3,intermediate_fusion,0.9253211547264819,0.8571428571428571,0.5384615384615384,5.1466503,5.2322035,256
83,3,intermediate_fusion,0.8671277752346074,0.7333333333333333,0.8518518518518519,4.8636436,4.8326025,256
119,3,intermediate_fusion,0.933820668345159,1.0,0.8518518518518519,5.0826807,4.9513445,256
704,3,intermediate_fusion,0.9634169718471045,0.3684210526315789,0.6949152542372882,4.9621906,5.0192366,256
84,3,intermediate_fusion,0.8739042114900434,0.625,0.6129032258064516,5.114758,5.1306863,256
85,3,intermediate_fusion,0.9563687342641334,0.4444444444444444,0.7543859649122807,4.767152,4.723442,256
120,3,intermediate_fusion,0.9261823357747768,0.3684210526315789,0.5873015873015873,5.3128605,5.279931,256
96,3,intermediate_fusion,0.9588750286106658,0.3,0.6129032258064516,5.2476497,5.237403,256
97,3,intermediate_fusion,0.9255757896543831,0.4444444444444444,0.5625,5.135391,5.2016325,256
263,3,intermediate_fusion,0.7382882238498512,0.4444444444444444,0.5625,5.2550697,5.115152,256
255,3,intermediate_fusion,0.6956561856260013,0.3684210526315789,0.6949152542372882,5.119922,5.2859116,256
287,3,intermediate_fusion,0.40435811970702673,0.5294117647058824,0.17647058823529413,5.2661757,5.3690734,256
247,3,intermediate_fusion,0.605544747081712,0.18181818181818182,0.16279069767441862,5.3392696,5.3693514,256
274,3,intermediate_fusion,0.6070754177157244,0.3,0.35135135135135137,5.340411,5.38369,256
321,3,intermediate_fusion,0.978112840466926,0.625,0.6949152542372882,4.9467726,4.922699,256
346,3,intermediate_fusion,0.8529733634699014,0.625,0.6949152542372882,5.0824046,5.1794806,256
362,3,intermediate_fusion,0.8829394598306247,0.5294117647058824,0.6129032258064516,5.3044825,5.234603,256
369,3,intermediate_fusion,0.8510256923781185,0.5294117647058824,0.4084507042253521,5.097722,5.214302,256
356,3,intermediate_fusion,0.8760128175783931,0.3,0.47058823529411764,5.387194,5.3094897,256
377,3,intermediate_fusion,0.7158424410620278,0.5294117647058824,0.6129032258064516,5.3318453,5.2887573,256
389,3,intermediate_fusion,0.8866109235523002,0.3,0.5384615384615384,5.197385,5.318554,256
419,3,intermediate_fusion,0.9250214579995422,0.3684210526315789,0.7241379310344828,5.049592,5.190047,256
427,3,intermediate_fusion,0.9195689803158615,0.3684210526315789,0.5625,5.219739,5.288368,256
384,3,intermediate_fusion,0.9311920634012358,0.5294117647058824,0.6666666666666666,5.205247,5.245337,256
397,3,intermediate_fusion,0.8920512417029067,0.625,0.8181818181818182,5.375988,5.2556696,256
398,3,intermediate_fusion,0.8720352197299152,1.0,0.5873015873015873,5.381261,5.367688,256
406,3,intermediate_fusion,0.9479364557106887,0.3684210526315789,0.7543859649122807,5.2063417,5.267577,256
434,3,intermediate_fusion,0.8522867074845502,0.4444444444444444,0.5625,5.233527,5.2926164,256
403,3,intermediate_fusion,0.9687092298008696,0.4444444444444444,0.7543859649122807,5.0505357,5.054962,256
428,3,intermediate_fusion,0.9412866216525521,0.4444444444444444,0.8867924528301887,4.7386856,4.842867,256
452,3,intermediate_fusion,0.7424496452277407,0.5294117647058824,0.3888888888888889,5.3364077,5.3651147,256
458,3,intermediate_fusion,0.9468699931334399,0.3,0.5625,4.918387,4.9744654,256
509,3,intermediate_fusion,0.9585917830167086,0.3684210526315789,0.6129032258064516,5.038309,5.088363,256
462,3,intermediate_fusion,0.93085874914168,0.625,0.6666666666666666,4.9774985,5.091242,256
489,3,intermediate_fusion,0.9419067578393223,0.18181818181818182,0.7543859649122807,4.969161,5.0161643,256
469,3,intermediate_fusion,0.9255557621881435,0.5294117647058824,0.8518518518518519,4.907134,4.960272,256
497,3,intermediate_fusion,0.8521479457541771,0.4444444444444444,0.8181818181818182,4.9958153,5.090713,256
501,3,intermediate_fusion,0.9636015106431676,0.3684210526315789,0.8867924528301887,4.8102646,4.9991198,256
465,3,intermediate_fusion,0.9324309052414739,0.3,0.6129032258064516,5.3040113,5.2141013,256
506,3,intermediate_fusion,0.9187006466010528,0.18181818181818182,0.6129032258064516,5.236613,5.2104015,256
494,3,intermediate_fusion,0.9030041199359121,0.18181818181818182,0.5384615384615384,5.1789074,5.1876774,256
476,3,intermediate_fusion,0.9383633268482489,0.3684210526315789,0.5625,5.0689774,5.1927476,256
502,3,intermediate_fusion,0.880723563744564,0.625,0.3888888888888889,5.337534,5.3064847,256
516,3,intermediate_fusion,0.915047779812314,0.3684210526315789,0.639344262295082,5.0857835,5.185903,256
495,3,intermediate_fusion,0.9432629034103912,0.3684210526315789,0.5625,5.098277,5.0936747,256
515,3,intermediate_fusion,0.8971053158617531,0.23809523809523808,0.4492753623188406,5.23508,5.258794,256
552,3,intermediate_fusion,0.9200038624399174,0.5294117647058824,0.6129032258064516,5.2820454,5.2846656,256
588,3,intermediate_fusion,0.9594686999313342,0.3684210526315789,0.7543859649122807,5.041318,5.1048,256
582,3,intermediate_fusion,0.9156085488670175,0.4444444444444444,0.7543859649122807,5.072266,5.1045704,256
620,3,intermediate_fusion,0.956996023117418,0.5294117647058824,0.7241379310344828,5.185229,5.212316,256
619,3,intermediate_fusion,0.9431992446784159,0.4444444444444444,0.639344262295082,5.0755005,5.2074986,256
566,3,intermediate_fusion,0.8913002117189287,0.5294117647058824,0.7241379310344828,5.293289,5.307686,256
543,3,intermediate_fusion,0.8599443021659354,0.5294117647058824,0.6949152542372882,5.2204022,5.2293034,256
564,3,intermediate_fusion,0.8807228484779124,0.4444444444444444,0.5625,5.286992,5.275923,256
612,3,intermediate_fusion,0.8550197413595788,0.5294117647058824,0.7241379310344828,5.1843114,5.172413,256
568,3,intermediate_fusion,0.8723971446555274,0.5294117647058824,0.6666666666666666,5.1475124,5.2735796,256
570,3,intermediate_fusion,0.8691348134584571,0.4444444444444444,0.6129032258064516,5.215519,5.2078047,256
547,3,intermediate_fusion,0.9051663710231173,0.5294117647058824,0.639344262295082,5.213496,5.255994,256
578,3,intermediate_fusion,0.9498884184023804,0.5294117647058824,0.7241379310344828,5.04136,5.0899997,256
600,3,intermediate_fusion,0.8790956168459602,0.3684210526315789,0.639344262295082,5.2466874,5.3272443,256
592,3,intermediate_fusion,0.9631959544518195,0.4444444444444444,0.6129032258064516,5.267374,5.270456,256
546,3,intermediate_fusion,0.9519898718242158,0.23809523809523808,0.6129032258064516,5.1689854,5.187407,256
594,3,intermediate_fusion,0.9337105172808421,0.3,0.7241379310344828,5.0801525,5.0089297,256
560,3,intermediate_fusion,0.9251087205310138,0.625,0.7241379310344828,5.239002,5.1791883,256
567,3,intermediate_fusion,0.9637695983062483,0.5294117647058824,0.6666666666666666,5.2494764,5.1687465,256
595,3,intermediate_fusion,0.9405055504692147,0.625,0.6949152542372882,5.192421,5.224121,256
596,3,intermediate_fusion,0.8568808651865415,0.5294117647058824,0.6129032258064516,5.2031975,5.3098626,256
605,3,intermediate_fusion,0.7987096589608604,0.4444444444444444,0.4492753623188406,5.3683295,5.368355,256
586,3,intermediate_fusion,0.9246616788738841,0.3684210526315789,0.7241379310344828,5.0787377,5.1326466,256
744,3,intermediate_fusion,0.9031443121995879,0.5294117647058824,0.7241379310344828,5.232644,5.232095,256
606,3,intermediate_fusion,0.9293445296406498,0.3,0.8518518518518519,5.113167,5.1393504,256
561,3,intermediate_fusion,0.9246781300068665,0.4444444444444444,0.6666666666666666,5.1812277,5.185503,256
562,3,intermediate_fusion,0.8007660505836574,0.5294117647058824,0.5873015873015873,5.2177143,5.273942,256
742,3,intermediate_fusion,0.854393883039597,0.625,0.6129032258064516,5.2164183,5.270245,256
743,3,intermediate_fusion,0.8123311970702677,0.5294117647058824,0.47058823529411764,5.3478317,5.3668947,256
624,3,intermediate_fusion,0.8447041657129777,0.8571428571428571,0.6949152542372882,5.038386,5.1382933,256
635,3,intermediate_fusion,0.8075110151064314,0.7333333333333333,0.639344262295082,5.1356487,5.1335588,256
640,3,intermediate_fusion,0.9497296292057679,0.5294117647058824,0.6949152542372882,5.048583,5.0467033,256
644,3,intermediate_fusion,0.9020220588235291,0.3684210526315789,0.7543859649122807,5.180463,5.2476387,256
648,3,intermediate_fusion,0.9367303730830853,0.4444444444444444,0.6949152542372882,5.2356954,5.2819204,256
654,3,intermediate_fusion,0.9275127317463949,0.625,0.5873015873015873,5.2927322,5.252462,256
663,3,intermediate_fusion,0.9397716868848704,0.3684210526315789,0.5625,5.2466764,5.272523,256
666,3,intermediate_fusion,0.8635450045777063,0.5294117647058824,0.6129032258064516,5.2767544,5.3157454,256
710,3,intermediate_fusion,0.648175354772259,0.3,0.26582278481012656,5.4750395,5.4418216,256
896,3,intermediate_fusion,0.955188544289311,0.3684210526315789,0.5873015873015873,5.2841744,5.1740823,256
897,3,intermediate_fusion,0.9466332398718241,0.5294117647058824,0.6949152542372882,4.8104277,4.9009867,256
954,3,intermediate_fusion,0.8706425955596244,0.8571428571428571,0.7857142857142857,5.312075,5.1596003,256
749,3,intermediate_fusion,0.8959394312199587,0.625,0.6666666666666666,5.174961,5.252455,256
750,3,intermediate_fusion,0.8958593213550011,0.4444444444444444,0.639344262295082,5.3774204,5.31187,256
751,3,intermediate_fusion,0.9319259269855801,0.3,0.5625,5.087618,5.1018705,256
752,3,intermediate_fusion,0.9529705024032958,0.625,0.6949152542372882,4.9904566,4.9531336,256
753,3,intermediate_fusion,0.9267617017624169,0.3684210526315789,0.4925373134328358,5.031352,5.0794067,256
882,3,intermediate_fusion,0.9455968184939343,0.625,0.6129032258064516,5.1887217,5.1497536,256
930,3,intermediate_fusion,0.9404368848706797,0.5294117647058824,0.7241379310344828,5.2644253,5.1909866,256
939,3,intermediate_fusion,0.9586146715495536,0.3684210526315789,0.7543859649122807,5.2632465,5.213108,256
952,3,intermediate_fusion,0.9148396372167543,0.3684210526315789,0.7857142857142857,5.1565104,5.1266603,256
893,3,intermediate_fusion,0.948961432822156,0.625,0.8181818181818182,4.9998016,4.9411325,256
766,3,intermediate_fusion,0.8999749656672005,0.8571428571428571,0.8181818181818182,5.1868362,5.2470417,256
767,3,intermediate_fusion,0.9035176813916227,0.3684210526315789,0.7543859649122807,4.9385347,5.0310035,256
768,3,intermediate_fusion,0.9032401579308764,0.625,0.5873015873015873,5.1351757,5.2955484,256
769,3,intermediate_fusion,0.9062306878004117,0.7333333333333333,0.7241379310344828,5.155864,5.1316943,256
770,3,intermediate_fusion,0.961527952620737,0.5294117647058824,0.6666666666666666,5.194564,5.175046,256
771,3,intermediate_fusion,0.9054760814831766,0.5294117647058824,0.6949152542372882,5.089911,5.091954,256
804,3,intermediate_fusion,0.8437750343327991,0.625,0.639344262295082,5.2121973,5.2691903,256
805,3,intermediate_fusion,0.8145006008239871,0.4444444444444444,0.7543859649122807,5.2413096,5.300477,256
806,3,intermediate_fusion,0.8153353170061798,0.5294117647058824,0.6129032258064516,5.241825,5.3223715,256
807,3,intermediate_fusion,0.8524254692149231,0.5294117647058824,0.5151515151515151,5.2221184,5.2942567,256
808,3,intermediate_fusion,0.8513153753719385,0.625,0.6129032258064516,5.1889324,5.2511873,256
809,3,intermediate_fusion,0.6436684596017395,0.4444444444444444,0.3888888888888889,5.324762,5.3921423,256
810,3,intermediate_fusion,0.8551019970244905,0.4444444444444444,0.6129032258064516,5.3111086,5.316082,256
811,3,intermediate_fusion,0.7978956855115586,0.3684210526315789,0.47058823529411764,5.3242445,5.394391,256
812,3,intermediate_fusion,0.9055976768139161,0.3684210526315789,0.6949152542372882,5.1989703,5.2749577,256
816,3,intermediate_fusion,0.9134927901121537,0.625,0.8181818181818182,5.093176,5.163296,256
821,3,intermediate_fusion,0.805583371480888,0.3684210526315789,0.5625,5.2132654,5.2807527,256
822,3,intermediate_fusion,0.803763733119707,0.3684210526315789,0.5151515151515151,5.299422,5.3146524,256
823,3,intermediate_fusion,0.9063894769970242,0.3684210526315789,0.639344262295082,5.2557983,5.267381,256
825,3,intermediate_fusion,0.9193501087205307,0.5294117647058824,0.8181818181818182,5.141921,5.1688423,256
826,3,intermediate_fusion,0.9028882467383839,0.3684210526315789,0.6666666666666666,5.3307667,5.3337326,256
853,3,intermediate_fusion,0.9339308194094758,0.18181818181818182,0.5873015873015873,5.201763,5.2449036,256
854,3,intermediate_fusion,0.9112397001602195,0.4444444444444444,0.5625,5.2688246,5.3125896,256
855,3,intermediate_fusion,0.8256358720531013,0.5294117647058824,0.7543859649122807,5.295044,5.324292,256
856,3,intermediate_fusion,0.7624155985351337,0.4444444444444444,0.5151515151515151,5.311862,5.3863034,256
857,3,intermediate_fusion,0.7280541886015105,0.3,0.5151515151515151,5.3195934,5.3450785,256
862,3,intermediate_fusion,0.7452470531013962,0.13043478260869565,0.2345679012345679,5.3988857,5.3300247,256
876,3,intermediate_fusion,0.8753833829251542,0.4444444444444444,0.6666666666666666,5.1122684,5.184839,256
877,3,intermediate_fusion,0.8560018024719614,0.3,0.7857142857142857,5.0466743,5.1186447,256
878,3,intermediate_fusion,0.8265743018997481,0.5294117647058824,0.6666666666666666,5.17336,5.204411,256
879,3,intermediate_fusion,0.9022817006179904,0.3,0.639344262295082,5.233457,5.272887,256
880,3,intermediate_fusion,0.8324838349736781,0.625,0.6666666666666666,5.1355886,5.1683493,256
865,3,intermediate_fusion,0.8441019111924924,0.625,0.7241379310344828,5.118477,5.159937,256
918,3,intermediate_fusion,0.6749785420004576,0.5294117647058824,0.5625,5.309683,5.2861724,256
919,3,intermediate_fusion,0.8841811627374685,0.5294117647058824,0.7241379310344828,5.0588293,5.0677586,256
920,3,intermediate_fusion,0.9202806706340123,0.4444444444444444,0.6949152542372882,5.1924086,5.2570133,256
921,3,intermediate_fusion,0.9481989585717555,0.7333333333333333,0.6129032258064516,5.130338,5.1512136,256
927,3,intermediate_fusion,0.7166306649118791,0.5294117647058824,0.6129032258064516,5.236699,5.234564,256
928,3,intermediate_fusion,0.643006122682536,0.5294117647058824,0.639344262295082,5.1117115,5.3106585,256
945,3,intermediate_fusion,0.851500629434653,0.4444444444444444,0.639344262295082,5.239864,5.2521496,256
946,3,intermediate_fusion,0.8365007724879833,0.7333333333333333,0.6666666666666666,5.2043157,5.1965084,256
82,3,coattention_fusion,0.8100316147859921,0.23809523809523808,0.35135135135135137,5.1466503,5.5446186,256
83,3,coattention_fusion,0.7394054703593498,0.18181818181818182,0.3333333333333333,4.8636436,5.5449023,256
119,3,coattention_fusion,-0.2667887388418402,0.0,0.02040816326530612,5.0826807,5.444721,256
704,3,coattention_fusion,-0.3546513790341039,0.0,0.010101010101010102,4.9621906,4.1633015,256
84,3,coattention_fusion,0.1666478313115129,0.08333333333333333,0.17647058823529413,5.114758,5.533468,256
85,3,coattention_fusion,-0.03659590295262073,0.13043478260869565,0.35135135135135137,4.767152,5.500955,256
120,3,coattention_fusion,-0.14323214694438086,0.0,0.07526881720430108,5.3128605,5.5448465,256
96,3,coattention_fusion,0.639833915083543,0.0,0.2345679012345679,5.2476497,5.3349032,256
97,3,coattention_fusion,0.185238326848249,0.0,0.13636363636363635,5.135391,5.534127,256
263,3,coattention_fusion,-0.11118677042801554,0.0,0.010101010101010102,5.2550697,5.071906,256
255,3,coattention_fusion,0.053206540398260456,0.0,0.07526881720430108,5.119922,5.384204,256
287,3,coattention_fusion,0.09772831311512929,0.0,0.1111111111111111,5.2661757,4.980516,256
247,3,coattention_fusion,0.10263218127718012,0.04,0.17647058823529413,5.3392696,5.0703545,256
274,3,coattention_fusion,0.2002374685282673,0.18181818181818182,0.16279069767441862,5.340411,5.1849217,256
321,3,coattention_fusion,-0.31018325131609054,0.0,0.02040816326530612,4.9467726,5.4662333,256
346,3,coattention_fusion,-0.2895714122224765,0.0,0.08695652173913043,5.0824046,5.482579,256
362,3,coattention_fusion,0.3357976653696497,0.23809523809523808,0.21951219512195122,5.3044825,5.544778,256
369,3,coattention_fusion,-0.1553230144197757,0.0,0.07526881720430108,5.097722,5.2943635,256
356,3,coattention_fusion,0.26123970016021963,0.13043478260869565,0.35135135135135137,5.387194,5.3119392,256
377,3,coattention_fusion,0.7467970359349965,0.3,0.3888888888888889,5.3318453,5.5076694,256
389,3,coattention_fusion,0.41641751544975963,0.04,0.2345679012345679,5.197385,5.5282326,256
419,3,coattention_fusion,0.7028853856717783,0.23809523809523808,0.6949152542372882,5.049592,5.541707,256
427,3,coattention_fusion,-0.2640864614328221,0.0,0.030927835051546393,5.219739,5.48596,256
384,3,coattention_fusion,0.014168717097734033,0.0,0.06382978723404255,5.205247,5.3939476,256
397,3,coattention_fusion,0.6731975280384526,0.08333333333333333,0.35135135135135137,5.375988,5.050881,256
398,3,coattention_fusion,0.1946855687800412,0.04,0.13636363636363635,5.381261,5.368814,256
406,3,coattention_fusion,0.2843513962005035,0.04,0.14942528735632185,5.2063417,4.886977,256
434,3,coattention_fusion,-0.034369277866788735,0.0,0.05263157894736842,5.233527,5.4546185,256
403,3,coattention_fusion,0.19528067063401236,0.0,0.07526881720430108,5.0505357,5.090712,256
428,3,coattention_fusion,0.2918423838406958,0.08333333333333333,0.3333333333333333,4.7386856,5.221038,256
452,3,coattention_fusion,-0.2858584630350194,0.0,0.010101010101010102,5.3364077,5.5063934,256
458,3,coattention_fusion,0.8032065403982604,0.08333333333333333,0.4084507042253521,4.918387,5.511002,256
509,3,coattention_fusion,0.6133461604486151,0.04,0.19047619047619047,5.038309,5.537127,256
462,3,coattention_fusion,-0.12863283932249941,0.0,0.16279069767441862,4.9774985,5.5429964,256
489,3,coattention_fusion,0.028795920119020362,0.0,0.0989010989010989,4.969161,5.5361657,256
469,3,coattention_fusion,0.6497653925383382,0.13043478260869565,0.5384615384615384,4.907134,5.531883,256
497,3,coattention_fusion,-0.26463578622110323,0.0,0.0,4.9958153,5.3453074,256
501,3,coattention_fusion,0.5002718013275348,0.0,0.06382978723404255,4.8102646,5.3968697,256
465,3,coattention_fusion,-0.11670719844357975,0.08333333333333333,0.16279069767441862,5.3040113,5.5364933,256
506,3,coattention_fusion,0.6520335030899518,0.0,0.28205128205128205,5.236613,5.408772,256
494,3,coattention_fusion,0.06451633669031814,0.0,0.010101010101010102,5.1789074,5.5366073,256
476,3,coattention_fusion,0.3111316948958571,0.04,0.0989010989010989,5.0689774,5.2771783,256
502,3,coattention_fusion,-0.15265006294346528,0.0,0.1111111111111111,5.337534,5.52422,256
516,3,coattention_fusion,0.18316762989242386,0.04,0.20481927710843373,5.0857835,5.5403647,256
495,3,coattention_fusion,0.6637281128404667,0.13043478260869565,0.3888888888888889,5.098277,5.4331083,256
515,3,coattention_fusion,-0.19418774319066145,0.0,0.02040816326530612,5.23508,5.5258417,256
552,3,coattention_fusion,0.09473778324559394,0.04,0.1111111111111111,5.2820454,5.541051,256
588,3,coattention_fusion,-0.4695167658503089,0.0,0.030927835051546393,5.041318,5.540487,256
582,3,coattention_fusion,0.1199030098420691,0.08333333333333333,0.12359550561797752,5.072266,5.5409727,256
620,3,coattention_fusion,0.6131044003204393,0.23809523809523808,0.28205128205128205,5.185229,5.465497,256
619,3,coattention_fusion,0.1319073300526436,0.0,0.13636363636363635,5.0755005,5.5433664,256
566,3,coattention_fusion,-0.17467956054016937,0.0,0.0989010989010989,5.293289,5.3965716,256
543,3,coattention_fusion,-0.09698983498434817,0.0,0.030927835051546393,5.2204022,4.9975395,256
564,3,coattention_fusion,-0.11050440604257265,0.0,0.030927835051546393,5.286992,5.413435,256
612,3,coattention_fusion,-0.01564502746623941,0.04,0.041666666666666664,5.1843114,4.4603777,256
568,3,coattention_fusion,-0.044660534447241926,0.0,0.1111111111111111,5.1475124,5.402484,256
570,3,coattention_fusion,0.021221961547264814,0.04,0.1111111111111111,5.215519,5.5431232,256
547,3,coattention_fusion,-0.1814409761959258,0.0,0.030927835051546393,5.213496,5.511361,256
578,3,coattention_fusion,-0.24145613984893563,0.0,0.010101010101010102,5.04136,5.5200486,256
600,3,coattention_fusion,0.5718170634012358,0.0,0.12359550561797752,5.2466874,5.5295086,256
592,3,coattention_fusion,-0.2239728770885786,0.04,0.1111111111111111,5.267374,5.5022144,256
546,3,coattention_fusion,0.642862354085603,0.04,0.26582278481012656,5.1689854,5.5428467,256
594,3,coattention_fusion,0.3236853398947127,0.13043478260869565,0.14942528735632185,5.0801525,5.53156,256
560,3,coattention_fusion,0.25398260471503775,0.08333333333333333,0.19047619047619047,5.239002,5.447553,256
567,3,coattention_fusion,0.47513232433051034,0.04,0.26582278481012656,5.2494764,5.2797947,256
595,3,coattention_fusion,0.24740572785534443,0.0,0.05263157894736842,5.192421,5.505575,256
596,3,coattention_fusion,0.43601153009842064,0.04,0.2345679012345679,5.2031975,5.5284595,256
605,3,coattention_fusion,0.6939989127946897,0.3,0.35135135135135137,5.3683295,5.5450754,256
586,3,coattention_fusion,-0.11141994735637444,0.0,0.13636363636363635,5.0787377,5.5054007,256
744,3,coattention_fusion,0.7998533703364612,0.18181818181818182,0.3888888888888889,5.232644,5.5449796,256
606,3,coattention_fusion,0.22028996910048063,0.0,0.1111111111111111,5.113167,5.5400753,256
561,3,coattention_fusion,-0.0419074731059739,0.04,0.19047619047619047,5.1812277,5.498424,256
562,3,coattention_fusion,0.3705846589608605,0.0,0.16279069767441862,5.2177143,5.4848137,256
742,3,coattention_fusion,0.5365029182879376,0.04,0.16279069767441862,5.2164183,5.534376,256
743,3,coattention_fusion,0.28779468986037987,0.3,0.4084507042253521,5.3478317,5.506035,256
624,3,coattention_fusion,-0.45943937399862667,0.0,0.0,5.038386,5.348631,256
635,3,coattention_fusion,-0.49032315747310584,0.0,0.010101010101010102,5.1356487,5.4766283,256
640,3,coattention_fusion,-0.06591253719386586,0.0,0.030927835051546393,5.048583,5.4996233,256
644,3,coattention_fusion,-0.3962362668802929,0.0,0.030927835051546393,5.180463,5.0699387,256
648,3,coattention_fusion,-0.3755135614557107,0.0,0.041666666666666664,5.2356954,5.416462,256
654,3,coattention_fusion,-0.46456068322270533,0.0,0.010101010101010102,5.2927322,5.493518,256
663,3,coattention_fusion,-0.15356775005722131,0.04,0.05263157894736842,5.2466764,5.4489756,256
666,3,coattention_fusion,-0.17280055504692146,0.0,0.06382978723404255,5.2767544,5.5294304,256
710,3,coattention_fusion,0.0855179961089494,0.08333333333333333,0.14942528735632185,5.4750395,5.544606,256
896,3,coattention_fusion,-0.5154175726710917,0.08333333333333333,0.08695652173913043,5.2841744,5.491413,256
897,3,coattention_fusion,-0.40631079766536954,0.13043478260869565,0.06382978723404255,4.8104277,5.491191,256
954,3,coattention_fusion,0.0242146372167544,0.04,0.06382978723404255,5.312075,5.515356,256
749,3,coattention_fusion,0.7376759555962462,0.18181818181818182,0.4925373134328358,5.174961,5.537172,256
750,3,coattention_fusion,0.03124642366674296,0.04,0.12359550561797752,5.3774204,5.5419436,256
751,3,coattention_fusion,0.5172987239642938,0.04,0.08695652173913043,5.087618,5.4596987,256
752,3,coattention_fusion,0.44351038567177836,0.0,0.13636363636363635,4.9904566,5.4960537,256
753,3,coattention_fusion,0.1743276493476768,0.0,0.12359550561797752,5.031352,5.5311866,256
882,3,coattention_fusion,0.6181363012130922,0.18181818181818182,0.16279069767441862,5.1887217,5.3348837,256
930,3,coattention_fusion,0.41484607461661704,0.18181818181818182,0.17647058823529413,5.2644253,5.4923964,256
939,3,coattention_fusion,0.5761358434424352,0.04,0.20481927710843373,5.2632465,5.4785337,256
952,3,coattention_fusion,0.603011272602426,0.04,0.3698630136986301,5.1565104,5.2489347,256
893,3,coattention_fusion,0.38657301441977565,0.0,0.17647058823529413,4.9998016,5.2792263,256
766,3,coattention_fusion,-0.4586246852826733,0.0,0.010101010101010102,5.1868362,5.392126,256
767,3,coattention_fusion,-0.5223206111238268,0.0,0.041666666666666664,4.9385347,5.517767,256
768,3,coattention_fusion,-0.2158524547951476,0.0,0.0,5.1351757,5.466953,256
769,3,coattention_fusion,0.6816040569924466,0.3684210526315789,0.47058823529411764,5.155864,5.516702,256
770,3,coattention_fusion,0.5819430933852139,0.0,0.16279069767441862,5.194564,5.109021,256
771,3,coattention_fusion,0.6136780441748684,0.04,0.20481927710843373,5.089911,5.2923555,256
804,3,coattention_fusion,0.6159118219272144,0.0,0.2345679012345679,5.2121973,5.5429635,256
805,3,coattention_fusion,-0.503426842526894,0.0,0.0,5.2413096,5.3649073,256
806,3,coattention_fusion,-0.3519984550240329,0.0,0.02040816326530612,5.241825,5.49125,256
807,3,coattention_fusion,-0.09252331769283587,0.0,0.05263157894736842,5.2221184,5.532572,256
808,3,coattention_fusion,0.20590595674067289,0.0,0.17647058823529413,5.1889324,5.53902,256
809,3,coattention_fusion,-0.1663860437170977,0.0,0.010101010101010102,5.324762,5.5380983,256
810,3,coattention_fusion,0.005796520943007553,0.0,0.16279069767441862,5.3111086,5.369261,256
811,3,coattention_fusion,-0.2160942149233234,0.04,0.0989010989010989,5.3242445,5.467346,256
812,3,coattention_fusion,0.6077778095674066,0.08333333333333333,0.2345679012345679,5.1989703,5.544827,256
816,3,coattention_fusion,-0.1750407701991302,0.13043478260869565,0.14942528735632185,5.093176,5.3996124,256
821,3,coattention_fusion,-0.38964007782101157,0.0,0.02040816326530612,5.2132654,5.5372677,256
822,3,coattention_fusion,0.3298065918974593,0.08333333333333333,0.14942528735632185,5.299422,5.542374,256
823,3,coattention_fusion,-0.12813572899977108,0.0,0.06382978723404255,5.2557983,5.5042667,256
825,3,coattention_fusion,-0.07642552643625543,0.04,0.0989010989010989,5.141921,5.508174,256
826,3,coattention_fusion,-0.11876859693293657,0.04,0.1111111111111111,5.3307667,5.5446057,256
853,3,coattention_fusion,0.1511794747081712,0.0,0.07526881720430108,5.201763,5.3074865,256
854,3,coattention_fusion,0.17697699702449068,0.04,0.19047619047619047,5.2688246,5.542764,256
855,3,coattention_fusion,0.357732747768368,0.04,0.21951219512195122,5.295044,5.5275173,256
856,3,coattention_fusion,-0.16300068665598533,0.04,0.06382978723404255,5.311862,5.5427084,256
857,3,coattention_fusion,0.23973663881895166,0.04,0.19047619047619047,5.3195934,5.5422616,256
862,3,coattention_fusion,0.12849407759212633,0.13043478260869565,0.17647058823529413,5.3988857,5.4819107,256
876,3,coattention_fusion,-0.09789210917830167,0.0,0.02040816326530612,5.1122684,5.5403633,256
877,3,coattention_fusion,0.034854943923094524,0.0,0.05263157894736842,5.0466743,5.539592,256
878,3,coattention_fusion,0.37822084573128856,0.04,0.26582278481012656,5.17336,5.5431137,256
879,3,coattention_fusion,0.22110465781643396,0.0,0.14942528735632185,5.233457,5.543299,256
880,3,coattention_fusion,0.23994048981460286,0.0,0.16279069767441862,5.1355886,5.5418158,256
865,3,coattention_fusion,0.5416006237125199,0.0,0.20481927710843373,5.118477,5.5448027,256
918,3,coattention_fusion,0.035582370107576096,0.0,0.08695652173913043,5.309683,5.405794,256
919,3,coattention_fusion,0.4543981746395056,0.18181818181818182,0.28205128205128205,5.0588293,5.5360994,256
920,3,coattention_fusion,0.5144727054245821,0.0,0.20481927710843373,5.1924086,5.5434427,256
921,3,coattention_fusion,-0.3880536163881894,0.0,0.0,5.130338,5.4357724,256
927,3,coattention_fusion,0.21955324444953075,0.08333333333333333,0.16279069767441862,5.236699,5.5399833,256
928,3,coattention_fusion,0.5101846818493934,0.0,0.14942528735632185,5.1117115,5.5289073,256
945,3,coattention_fusion,0.2172758354314488,0.04,0.14942528735632185,5.239864,5.520379,256
946,3,coattention_fusion,-0.16628089951934077,0.0,0.02040816326530612,5.2043157,5.4781184,256
72,4,intermediate_fusion,0.9643153467612725,0.625,0.6949152542372882,5.4663486,5.426503,256
73,4,intermediate_fusion,0.9634191176470587,0.5294117647058824,0.639344262295082,5.451977,5.413664,256
74,4,intermediate_fusion,0.9672000171663996,0.5294117647058824,0.7241379310344828,5.446075,5.4034877,256
14,4,intermediate_fusion,0.98217483978027,0.5294117647058824,0.7857142857142857,5.4449787,5.403821,256
56,4,intermediate_fusion,0.9461096646829937,0.7333333333333333,0.8181818181818182,5.4157043,5.3715515,256
2,4,intermediate_fusion,0.8826862554360263,0.7333333333333333,0.6949152542372882,5.4807043,5.4578257,256
20,4,intermediate_fusion,0.9217355230029752,0.4444444444444444,0.639344262295082,5.465391,5.443259,256
49,4,intermediate_fusion,0.9165598535133898,0.5294117647058824,0.6666666666666666,5.4651318,5.435345,256
65,4,intermediate_fusion,0.8448472190432592,0.625,0.6666666666666666,5.488885,5.4724836,256
11,4,intermediate_fusion,0.9289876115815974,0.625,0.9230769230769231,5.380988,5.3644123,256
34,4,intermediate_fusion,0.9697270542458227,0.625,0.639344262295082,5.4373155,5.382697,256
39,4,intermediate_fusion,0.9173874170290683,1.0,0.5873015873015873,5.4964523,5.4688787,256
44,4,intermediate_fusion,0.9843406672007324,0.625,0.7857142857142857,5.412386,5.375409,256
57,4,intermediate_fusion,0.8883297093156327,0.18181818181818182,0.4925373134328358,5.480999,5.4663687,256
58,4,intermediate_fusion,0.9297736896314945,0.3,0.5873015873015873,5.4512625,5.4151073,256
59,4,intermediate_fusion,0.9764119363698784,0.23809523809523808,0.6666666666666666,5.389533,5.355626,256
50,4,intermediate_fusion,0.9491931792172119,0.3,0.5384615384615384,5.430051,5.4190025,256
51,4,intermediate_fusion,0.9843184939345387,0.4444444444444444,0.7857142857142857,5.249155,5.1582284,256
3,4,intermediate_fusion,0.9682414454108489,0.3,0.6666666666666666,5.341178,5.316862,256
66,4,intermediate_fusion,0.9808895056076904,0.7333333333333333,0.8867924528301887,5.189735,5.1006055,256
75,4,intermediate_fusion,0.972861352712291,0.7333333333333333,1.0,5.121879,5.0710306,256
12,4,intermediate_fusion,0.9902630750743876,0.7333333333333333,0.6949152542372882,5.244647,5.220523,256
41,4,intermediate_fusion,0.9657694838635842,0.625,0.7857142857142857,5.247524,5.235719,256
42,4,intermediate_fusion,0.9936491474021515,0.8571428571428571,0.9230769230769231,5.198379,5.165785,256
47,4,intermediate_fusion,0.9815954737926298,0.7333333333333333,0.8867924528301887,5.297869,5.278598,256
32,4,intermediate_fusion,0.9830438887617303,0.5294117647058824,0.7857142857142857,5.298929,5.288701,256
48,4,intermediate_fusion,0.9820232032501716,0.3684210526315789,0.6949152542372882,5.336499,5.334609,256
268,4,intermediate_fusion,0.8533302815289537,0.04,0.42857142857142855,5.457247,5.4645767,256
43,4,intermediate_fusion,0.9360730430304415,0.4444444444444444,0.8181818181818182,5.281064,5.2986574,256
64,4,intermediate_fusion,0.9887738899061568,0.5294117647058824,0.7241379310344828,5.189211,5.1864886,256
707,4,intermediate_fusion,0.7303966868848705,0.5294117647058824,0.4084507042253521,5.5410686,5.5268664,256
150,4,intermediate_fusion,0.9852347505149919,1.0,0.7543859649122807,5.454461,5.4747267,256
181,4,intermediate_fusion,0.9030298695353627,0.625,0.5384615384615384,5.5036564,5.5025234,256
185,4,intermediate_fusion,0.9754570553902494,0.7333333333333333,0.7857142857142857,5.465479,5.47075,256
200,4,intermediate_fusion,0.9851288910505834,0.7333333333333333,0.7241379310344828,5.4736595,5.4842052,256
238,4,intermediate_fusion,0.9635678931105516,0.3684210526315789,0.6949152542372882,5.4269967,5.387365,256
273,4,intermediate_fusion,0.9555325875486379,0.4444444444444444,0.5625,5.412447,5.3746443,256
279,4,intermediate_fusion,0.9743798638132293,0.3,0.639344262295082,5.3602147,5.29329,256
286,4,intermediate_fusion,0.9862110894941633,0.625,0.8181818181818182,5.3755264,5.3172674,256
241,4,intermediate_fusion,0.9380078393224994,0.4444444444444444,0.6129032258064516,5.4599853,5.4175014,256
223,4,intermediate_fusion,0.9547701132982375,0.3684210526315789,0.4492753623188406,5.3937426,5.3659363,256
326,4,intermediate_fusion,0.893911650263218,0.3,0.5384615384615384,5.4691877,5.455503,256
290,4,intermediate_fusion,0.9779340238040741,0.3684210526315789,0.7543859649122807,5.3030386,5.299655,256
303,4,intermediate_fusion,0.951153009842069,0.625,0.6666666666666666,5.442459,5.4030285,256
296,4,intermediate_fusion,0.9305769340810254,0.18181818181818182,0.5151515151515151,5.500801,5.485791,256
330,4,intermediate_fusion,0.8872167544060423,0.4444444444444444,0.5625,5.4766145,5.4641976,256
339,4,intermediate_fusion,0.8044410906385899,0.4444444444444444,0.639344262295082,5.4915085,5.488187,256
355,4,intermediate_fusion,0.9464937628747995,0.7333333333333333,0.5625,5.417334,5.3661203,256
359,4,intermediate_fusion,0.8278367475394827,0.4444444444444444,0.6129032258064516,5.4877934,5.4785967,256
316,4,intermediate_fusion,0.9600852597848476,0.3684210526315789,0.6666666666666666,5.4615717,5.438196,256
317,4,intermediate_fusion,0.888793202105745,0.3,0.5151515151515151,5.5102644,5.493557,256
340,4,intermediate_fusion,0.9013940547035934,0.4444444444444444,0.5384615384615384,5.489209,5.4757442,256
353,4,intermediate_fusion,0.955443179217212,0.4444444444444444,0.6129032258064516,5.4413123,5.3894386,256
360,4,intermediate_fusion,0.9129642080567634,0.625,0.5873015873015873,5.50906,5.491315,256
291,4,intermediate_fusion,0.9815804531929502,0.3684210526315789,0.7857142857142857,5.387794,5.390588,256
297,4,intermediate_fusion,0.9395034618905926,0.4444444444444444,0.6129032258064516,5.5048804,5.468313,256
305,4,intermediate_fusion,0.9554581998168916,0.4444444444444444,0.5873015873015873,5.4508977,5.413998,256
364,4,intermediate_fusion,0.9564466983291371,0.5294117647058824,0.639344262295082,5.456825,5.4129233,256
374,4,intermediate_fusion,0.9553315976195925,0.4444444444444444,0.8518518518518519,5.2703533,5.1986175,256
335,4,intermediate_fusion,0.9555311570153352,0.4444444444444444,0.9230769230769231,5.337516,5.2542706,256
320,4,intermediate_fusion,0.9839057850766764,0.5294117647058824,0.8518518518518519,5.230446,5.1864705,256
301,4,intermediate_fusion,0.9854514763103682,0.625,0.7241379310344828,5.388821,5.3397145,256
371,4,intermediate_fusion,0.9643575474937055,0.5294117647058824,0.9607843137254902,5.141177,5.0610037,256
315,4,intermediate_fusion,0.9701905470359348,0.4444444444444444,0.6129032258064516,5.4035444,5.355569,256
322,4,intermediate_fusion,0.9856724937056532,0.5294117647058824,0.8518518518518519,5.3529835,5.291696,256
349,4,intermediate_fusion,0.9897838464179446,0.625,0.9230769230769231,5.2268705,5.1564555,256
345,4,intermediate_fusion,0.9593878747997253,0.625,0.7543859649122807,5.3478613,5.307953,256
363,4,intermediate_fusion,0.9875901235980772,0.5294117647058824,0.7241379310344828,5.241436,5.187762,256
365,4,intermediate_fusion,0.9622267681391621,0.625,0.9230769230769231,5.2744865,5.190634,256
383,4,intermediate_fusion,0.9318915941863125,0.4444444444444444,0.5873015873015873,5.4566355,5.3887386,256
414,4,intermediate_fusion,0.9573078793774319,0.625,0.639344262295082,5.3963966,5.311981,256
726,4,intermediate_fusion,0.9880164225223163,0.7333333333333333,0.9230769230769231,5.1153107,5.1786537,256
448,4,intermediate_fusion,0.9753490501258868,0.5294117647058824,0.6666666666666666,5.3464956,5.2713876,256
474,4,intermediate_fusion,0.9836847676813913,0.5294117647058824,0.6129032258064516,5.2946672,5.2411685,256
483,4,intermediate_fusion,0.9862239642938886,0.5294117647058824,0.7543859649122807,5.383514,5.319876,256
498,4,intermediate_fusion,0.9707341496910046,0.5294117647058824,0.7543859649122807,5.349705,5.307926,256
442,4,intermediate_fusion,0.939779554818036,0.3684210526315789,0.5625,5.4678,5.4342637,256
456,4,intermediate_fusion,0.978084945067521,0.5294117647058824,0.6666666666666666,5.345118,5.338234,256
477,4,intermediate_fusion,0.9734600308995193,0.5294117647058824,0.639344262295082,5.4071565,5.3945184,256
597,4,intermediate_fusion,0.97620951590753,0.625,0.6666666666666666,5.323597,5.265717,256
575,4,intermediate_fusion,0.9626323243305103,0.5294117647058824,0.6949152542372882,5.465895,5.444685,256
533,4,intermediate_fusion,0.8848592355230028,0.3,0.5384615384615384,5.5430965,5.5394473,256
572,4,intermediate_fusion,0.9856546120393682,0.4444444444444444,0.7543859649122807,5.2959223,5.2305474,256
607,4,intermediate_fusion,0.961286192492561,0.3684210526315789,0.5151515151515151,5.3894653,5.350873,256
688,4,intermediate_fusion,0.977809567406729,0.5294117647058824,0.7543859649122807,5.3515253,5.3052893,256
689,4,intermediate_fusion,0.9346940089265278,0.3,0.5873015873015873,5.4337363,5.4130383,256
687,4,intermediate_fusion,0.9726446269169144,0.625,0.639344262295082,5.4194818,5.367732,256
694,4,intermediate_fusion,0.9697764076447699,0.3684210526315789,0.7543859649122807,5.386327,5.3413577,256
690,4,intermediate_fusion,0.9650341897459371,0.625,0.7857142857142857,5.357092,5.325601,256
691,4,intermediate_fusion,0.9580689230945295,0.4444444444444444,0.6666666666666666,5.4569426,5.429919,256
890,4,intermediate_fusion,0.9860108148317691,0.5294117647058824,0.7241379310344828,5.096698,5.011274,256
891,4,intermediate_fusion,0.9809803444724191,0.4444444444444444,0.6949152542372882,5.394553,5.3355603,256
892,4,intermediate_fusion,0.9678330281528952,0.625,0.6129032258064516,5.410182,5.340766,256
778,4,intermediate_fusion,0.9391916056305789,0.5294117647058824,0.6949152542372882,5.474634,5.4249115,256
779,4,intermediate_fusion,0.9657959487296862,0.5294117647058824,0.639344262295082,5.446931,5.3972015,256
788,4,intermediate_fusion,0.8836797608148316,0.13043478260869565,0.4925373134328358,5.471474,5.4466987,256
789,4,intermediate_fusion,0.8872274834058135,0.23809523809523808,0.5151515151515151,5.441354,5.417716,256
794,4,intermediate_fusion,0.8666628519111925,0.5294117647058824,0.5625,5.4983206,5.4706,256
795,4,intermediate_fusion,0.8755593385214007,0.5294117647058824,0.47058823529411764,5.4996157,5.482786,256
820,4,intermediate_fusion,0.9788581483176926,0.4444444444444444,0.639344262295082,5.3389063,5.2826056,256
832,4,intermediate_fusion,0.9643832970931561,0.5294117647058824,0.6949152542372882,5.417598,5.390746,256
833,4,intermediate_fusion,0.8739106488899059,0.625,0.6129032258064516,5.507299,5.4689336,256
834,4,intermediate_fusion,0.9619978828107116,0.3,0.7241379310344828,5.398397,5.373227,256
835,4,intermediate_fusion,0.9475108720531014,0.625,0.7857142857142857,5.424692,5.3623276,256
851,4,intermediate_fusion,0.9466997596704049,0.3684210526315789,0.5625,5.4442344,5.409303,256
852,4,intermediate_fusion,0.9417236495765621,0.3,0.7241379310344828,5.449422,5.422068,256
867,4,intermediate_fusion,0.9627574959945067,0.5294117647058824,0.9230769230769231,5.2635293,5.190511,256
870,4,intermediate_fusion,0.9778696498054473,0.23809523809523808,0.7241379310344828,5.304851,5.272251,256
871,4,intermediate_fusion,0.9524798294804301,0.23809523809523808,0.639344262295082,5.434268,5.3945065,256
872,4,intermediate_fusion,0.9563236724650949,0.3684210526315789,0.5873015873015873,5.421093,5.4047074,256
873,4,intermediate_fusion,0.9824795433737697,0.23809523809523808,0.7857142857142857,5.311843,5.2985425,256
881,4,intermediate_fusion,0.9720416571297777,0.4444444444444444,0.6666666666666666,5.3965273,5.3733425,256
916,4,intermediate_fusion,0.9153267338063629,0.18181818181818182,0.5151515151515151,5.4447083,5.427541,256
917,4,intermediate_fusion,0.9521393625543602,0.18181818181818182,0.639344262295082,5.450119,5.4304357,256
887,4,intermediate_fusion,0.9789647230487523,0.4444444444444444,0.8518518518518519,5.395932,5.38575,256
888,4,intermediate_fusion,0.9756580453192948,0.625,0.7857142857142857,5.416662,5.4046555,256
889,4,intermediate_fusion,0.9819416628519111,0.5294117647058824,0.8181818181818182,5.4247885,5.4115815,256
905,4,intermediate_fusion,0.9822849908445866,0.4444444444444444,0.6949152542372882,5.284358,5.2130575,256
929,4,intermediate_fusion,0.9091239414053557,0.3684210526315789,0.42857142857142855,5.4650254,5.439108,256
931,4,intermediate_fusion,0.9333092526894025,0.3,0.5873015873015873,5.4611144,5.440081,256
932,4,intermediate_fusion,0.9482025349050125,0.3,0.6129032258064516,5.4466467,5.424767,256
72,4,coattention_fusion,0.1364435511558709,0.0,0.12359550561797752,5.4663486,5.542596,256
73,4,coattention_fusion,0.2704087033646143,0.08333333333333333,0.12359550561797752,5.451977,5.5412326,256
74,4,coattention_fusion,0.1800447756923781,0.0,0.0989010989010989,5.446075,5.541581,256
14,4,coattention_fusion,0.43049968528267335,0.08333333333333333,0.21951219512195122,5.4449787,5.5446205,256
56,4,coattention_fusion,0.5631516079194323,0.0,0.20481927710843373,5.4157043,5.544295,256
2,4,coattention_fusion,-0.04754162851911191,0.0,0.010101010101010102,5.4807043,5.500387,256
20,4,coattention_fusion,-0.19281157015335312,0.0,0.041666666666666664,5.465391,5.381709,256
49,4,coattention_fusion,-0.13231574731059736,0.0,0.0,5.4651318,5.5249996,256
65,4,coattention_fusion,-0.3182321469443808,0.0,0.0,5.488885,5.489348,256
11,4,coattention_fusion,0.5909890707255664,0.08333333333333333,0.5384615384615384,5.380988,5.544306,256
34,4,coattention_fusion,0.31578885253148614,0.04,0.19047619047619047,5.4373155,5.5205393,256
39,4,coattention_fusion,0.35120236324101617,0.0,0.20481927710843373,5.4964523,5.4405894,256
44,4,coattention_fusion,0.18553087090867473,0.0,0.16279069767441862,5.412386,5.540964,256
57,4,coattention_fusion,-0.13291013389791712,0.0,0.06382978723404255,5.480999,5.504137,256
58,4,coattention_fusion,0.05150849736781871,0.0,0.05263157894736842,5.4512625,5.433857,256
59,4,coattention_fusion,-0.11510929274433507,0.0,0.02040816326530612,5.389533,5.4886456,256
50,4,coattention_fusion,-0.6944595445181962,0.0,0.02040816326530612,5.430051,5.5297327,256
51,4,coattention_fusion,0.1522130350194552,0.08333333333333333,0.4084507042253521,5.249155,5.5202055,256
3,4,coattention_fusion,0.3050347619592584,0.0,0.010101010101010102,5.341178,5.494355,256
66,4,coattention_fusion,0.770150492103456,0.04,0.20481927710843373,5.189735,5.5433025,256
75,4,coattention_fusion,0.7030119878690775,0.0,0.21951219512195122,5.121879,4.9248505,256
12,4,coattention_fusion,0.4832699130235751,0.0,0.08695652173913043,5.244647,5.1225057,256
41,4,coattention_fusion,0.817483262760357,0.3684210526315789,0.5151515151515151,5.247524,5.5435543,256
42,4,coattention_fusion,0.6857497425040053,0.0,0.16279069767441862,5.198379,5.323608,256
47,4,coattention_fusion,0.34345888647287703,0.0,0.06382978723404255,5.297869,5.380597,256
32,4,coattention_fusion,0.605707827878233,0.3,0.5384615384615384,5.298929,5.4940467,256
48,4,coattention_fusion,0.7795176241702906,0.23809523809523808,0.4492753623188406,5.336499,5.5230494,256
268,4,coattention_fusion,0.6005257209887845,0.4444444444444444,0.26582278481012656,5.457247,5.5418825,256
43,4,coattention_fusion,-0.5008039597161821,0.0,0.0,5.281064,5.53544,256
64,4,coattention_fusion,0.8640242332341496,0.23809523809523808,0.3698630136986301,5.189211,5.533203,256
707,4,coattention_fusion,0.08607804989700159,0.0,0.0989010989010989,5.5410686,5.4240885,256
150,4,coattention_fusion,0.7374485008010985,0.23809523809523808,0.35135135135135137,5.454461,5.52209,256
181,4,coattention_fusion,0.22103384641794455,0.0,0.12359550561797752,5.5036564,5.4901943,256
185,4,coattention_fusion,0.6268439574273288,0.23809523809523808,0.3157894736842105,5.465479,5.536604,256
200,4,coattention_fusion,0.43031013962005027,0.13043478260869565,0.2987012987012987,5.4736595,5.458869,256
238,4,coattention_fusion,-0.42948686770428,0.0,0.02040816326530612,5.4269967,5.4732037,256
273,4,coattention_fusion,0.4800090123598076,0.13043478260869565,0.21951219512195122,5.412447,5.4933443,256
279,4,coattention_fusion,-0.5916478313115129,0.0,0.02040816326530612,5.3602147,5.4935656,256
286,4,coattention_fusion,0.4767309452964064,0.0,0.14942528735632185,5.3755264,5.5315304,256
241,4,coattention_fusion,0.15749456397344927,0.08333333333333333,0.13636363636363635,5.4599853,5.5414996,256
223,4,coattention_fusion,0.19045405127031356,0.0,0.030927835051546393,5.3937426,5.5347567,256
326,4,coattention_fusion,0.1881651979858091,0.0,0.030927835051546393,5.4691877,5.537101,256
290,4,coattention_fusion,0.7690196555275806,0.08333333333333333,0.26582278481012656,5.3030386,5.517206,256
303,4,coattention_fusion,-0.23856503204394597,0.0,0.05263157894736842,5.442459,5.0579658,256
296,4,coattention_fusion,0.3993462462806133,0.0,0.14942528735632185,5.500801,5.5439715,256
330,4,coattention_fusion,-0.43430490386816195,0.0,0.010101010101010102,5.4766145,5.0580373,256
339,4,coattention_fusion,-0.33577406157015327,0.0,0.010101010101010102,5.4915085,5.1633997,256
355,4,coattention_fusion,-0.3586997882810711,0.0,0.05263157894736842,5.417334,5.485499,256
359,4,coattention_fusion,-0.3977912565804531,0.0,0.030927835051546393,5.4877934,5.4945517,256
316,4,coattention_fusion,-0.21046649691004804,0.0,0.06382978723404255,5.4615717,5.512967,256
317,4,coattention_fusion,0.09177800984206912,0.04,0.12359550561797752,5.5102644,5.5414,256
340,4,coattention_fusion,0.3428666456855115,0.13043478260869565,0.1111111111111111,5.489209,5.5440154,256
353,4,coattention_fusion,-0.305897373540856,0.0,0.0989010989010989,5.4413123,5.4550333,256
360,4,coattention_fusion,-0.01752617875944152,0.0,0.030927835051546393,5.50906,5.5413284,256
291,4,coattention_fusion,-0.7927293144884411,0.0,0.010101010101010102,5.387794,5.5085645,256
297,4,coattention_fusion,0.432430905241474,0.08333333333333333,0.26582278481012656,5.5048804,5.4521747,256
305,4,coattention_fusion,0.33249814030670627,0.04,0.12359550561797752,5.4508977,5.5307183,256
364,4,coattention_fusion,0.06820425154497596,0.0,0.13636363636363635,5.456825,5.5427594,256
374,4,coattention_fusion,0.567223620965896,0.04,0.19047619047619047,5.2703533,5.5421705,256
335,4,coattention_fusion,0.4191534103913938,0.13043478260869565,0.19047619047619047,5.337516,5.502814,256
320,4,coattention_fusion,0.7498469329365987,0.0,0.1111111111111111,5.230446,5.4526243,256
301,4,coattention_fusion,0.4464186598764018,0.08333333333333333,0.14942528735632185,5.388821,5.3764925,256
371,4,coattention_fusion,0.8125100137331196,0.04,0.4492753623188406,5.141177,5.4776344,256
315,4,coattention_fusion,0.4173216124971389,0.0,0.16279069767441862,5.4035444,5.5385866,256
322,4,coattention_fusion,0.7063837548638131,0.18181818181818182,0.3157894736842105,5.3529835,5.3778296,256
349,4,coattention_fusion,0.22856989585717552,0.0,0.010101010101010102,5.2268705,5.5436726,256
345,4,coattention_fusion,0.025033617532616154,0.04,0.08695652173913043,5.3478613,5.536363,256
363,4,coattention_fusion,-0.28122067406729223,0.04,0.07526881720430108,5.241436,5.542142,256
365,4,coattention_fusion,-0.019710603112840463,0.04,0.35135135135135137,5.2744865,5.4421654,256
383,4,coattention_fusion,0.4955653467612725,0.08333333333333333,0.21951219512195122,5.4566355,5.468951,256
414,4,coattention_fusion,0.35247625314717324,0.0,0.02040816326530612,5.3963966,5.3285894,256
726,4,coattention_fusion,0.0939216639963378,0.0,0.07526881720430108,5.1153107,5.5390673,256
448,4,coattention_fusion,-0.36520728427557786,0.0,0.041666666666666664,5.3464956,5.539279,256
474,4,coattention_fusion,0.4496638246738383,0.0,0.08695652173913043,5.2946672,5.5255966,256
483,4,coattention_fusion,-0.13584129663538563,0.0,0.07526881720430108,5.383514,5.4688263,256
498,4,coattention_fusion,-0.10148560883497365,0.0,0.041666666666666664,5.349705,5.517273,256
442,4,coattention_fusion,-0.286047293430991,0.0,0.02040816326530612,5.4678,5.410501,256
456,4,coattention_fusion,-0.0188344014648661,0.0,0.25,5.345118,5.541851,256
477,4,coattention_fusion,0.27168402380407414,0.08333333333333333,0.13636363636363635,5.4071565,5.5339336,256
597,4,coattention_fusion,0.34873898489356825,0.0,0.12359550561797752,5.323597,5.522404,256
575,4,coattention_fusion,-0.09168287937743189,0.0,0.041666666666666664,5.465895,5.5279617,256
533,4,coattention_fusion,0.761817635614557,0.4444444444444444,0.5384615384615384,5.5430965,5.511858,256
572,4,coattention_fusion,0.6531278610666056,0.08333333333333333,0.2345679012345679,5.2959223,5.5407114,256
607,4,coattention_fusion,0.6311276894026091,0.04,0.20481927710843373,5.3894653,5.5427914,256
688,4,coattention_fusion,-0.2715516994735637,0.0,0.06382978723404255,5.3515253,5.4376736,256
689,4,coattention_fusion,0.30123526550698093,0.08333333333333333,0.25,5.4337363,5.5422735,256
687,4,coattention_fusion,0.0008654726482032499,0.04,0.13636363636363635,5.4194818,5.540802,256
694,4,coattention_fusion,0.34007066834515903,0.18181818181818182,0.14942528735632185,5.386327,5.44898,256
690,4,coattention_fusion,-0.49566476882581817,0.0,0.0,5.357092,5.463274,256
691,4,coattention_fusion,0.2589501316090638,0.0,0.1111111111111111,5.4569426,5.4814262,256
890,4,coattention_fusion,0.8063551441977568,0.08333333333333333,0.4925373134328358,5.096698,5.403374,256
891,4,coattention_fusion,0.5663560025177385,0.0,0.14942528735632185,5.394553,5.4545946,256
892,4,coattention_fusion,0.33317335202563514,0.04,0.16279069767441862,5.410182,5.527861,256
778,4,coattention_fusion,0.19999928473334858,0.13043478260869565,0.17647058823529413,5.474634,5.5432606,256
779,4,coattention_fusion,0.7096854257267108,0.08333333333333333,0.25,5.446931,5.544914,256
788,4,coattention_fusion,-0.2649383440146486,0.0,0.0,5.471474,5.5286493,256
789,4,coattention_fusion,-0.1458786335545891,0.0,0.08695652173913043,5.441354,5.5306296,256
794,4,coattention_fusion,-0.0695282101167315,0.04,0.0989010989010989,5.4983206,5.5342593,256
795,4,coattention_fusion,0.011673867017624167,0.0,0.06382978723404255,5.4996157,5.5449896,256
820,4,coattention_fusion,0.46036922064545654,0.0,0.08695652173913043,5.3389063,5.248005,256
832,4,coattention_fusion,0.2568973163195239,0.0,0.010101010101010102,5.417598,5.466405,256
833,4,coattention_fusion,-0.22311098077363237,0.0,0.19047619047619047,5.507299,5.543455,256
834,4,coattention_fusion,-0.4259327077134355,0.0,0.0,5.398397,5.5409164,256
835,4,coattention_fusion,-0.17813000686655983,0.08333333333333333,0.12359550561797752,5.424692,5.521906,256
851,4,coattention_fusion,0.24380936713206677,0.0,0.17647058823529413,5.4442344,5.533213,256
852,4,coattention_fusion,0.02202592126344701,0.08333333333333333,0.12359550561797752,5.449422,5.5266585,256
867,4,coattention_fusion,0.30868262188143736,0.13043478260869565,0.5873015873015873,5.2635293,5.5402746,256
870,4,coattention_fusion,0.16576161593041883,0.08333333333333333,0.20481927710843373,5.304851,5.544616,256
871,4,coattention_fusion,0.31551341840238034,0.0,0.0989010989010989,5.434268,5.5424004,256
872,4,coattention_fusion,-0.145922264820325,0.04,0.1111111111111111,5.421093,5.533478,256
873,4,coattention_fusion,0.30600466353856715,0.0,0.02040816326530612,5.311843,5.494007,256
881,4,coattention_fusion,0.1958857862211032,0.0,0.010101010101010102,5.3965273,5.520728,256
916,4,coattention_fusion,0.22621666857404438,0.0,0.0,5.4447083,5.5363965,256
917,4,coattention_fusion,0.08289940489814601,0.0,0.0,5.450119,5.4857817,256
887,4,coattention_fusion,-0.5182872224765391,0.0,0.030927835051546393,5.395932,5.5289793,256
888,4,coattention_fusion,-0.22231059739070722,0.08333333333333333,0.06382978723404255,5.416662,5.533662,256
889,4,coattention_fusion,0.0675819695582513,0.0,0.05263157894736842,5.4247885,5.530902,256
905,4,coattention_fusion,0.631648403524834,0.08333333333333333,0.20481927710843373,5.284358,5.4351034,256
929,4,coattention_fusion,-0.04945496681162736,0.0,0.030927835051546393,5.4650254,5.2718573,256
931,4,coattention_fusion,0.11693036163881892,0.0,0.0,5.4611144,5.4756236,256
932,4,coattention_fusion,0.16096074616617073,0.0,0.0,5.4466467,5.1955957,256
5,5,intermediate_fusion,0.9347254806591897,0.5294117647058824,0.639344262295082,5.109556,5.293361,256
6,5,intermediate_fusion,0.8557135500114441,0.625,0.6949152542372882,5.081156,5.316675,256
25,5,intermediate_fusion,0.7913724536507208,0.625,0.6129032258064516,5.3534107,5.427818,256
31,5,intermediate_fusion,0.372347075989929,0.625,0.25,4.9256415,5.425214,256
37,5,intermediate_fusion,0.9177214465552755,0.5294117647058824,0.7857142857142857,4.9742336,5.242111,256
62,5,intermediate_fusion,0.7889720187685969,0.4444444444444444,0.8518518518518519,4.734298,5.248624,256
69,5,intermediate_fusion,0.9558794918745708,0.23809523809523808,0.6129032258064516,5.0071173,5.21458,256
70,5,intermediate_fusion,0.6992997539482718,0.04,0.3157894736842105,5.4221506,5.504469,256
78,5,intermediate_fusion,0.9298874170290683,0.5294117647058824,0.6129032258064516,5.0583835,5.268739,256
61,5,intermediate_fusion,0.9484292744335087,0.3684210526315789,0.5625,5.0207157,5.2824354,256
63,5,intermediate_fusion,0.8196262016479743,0.625,0.639344262295082,4.772789,5.3576365,256
68,5,intermediate_fusion,0.8673094529640647,0.3,0.5625,5.1327963,5.370433,256
77,5,intermediate_fusion,0.9531893739986265,0.4444444444444444,0.5151515151515151,4.796109,5.178458,256
127,5,intermediate_fusion,0.9113820382238498,0.4444444444444444,0.6666666666666666,4.838931,5.258378,256
102,5,intermediate_fusion,0.6802786678873882,0.04,0.19047619047619047,5.395034,5.4873157,256
128,5,intermediate_fusion,0.9480044060425726,0.3,0.639344262295082,4.941013,5.2934685,256
129,5,intermediate_fusion,0.9552293144884411,0.3,0.8867924528301887,4.717054,5.2518992,256
130,5,intermediate_fusion,0.5427607862211031,0.08333333333333333,0.14942528735632185,5.4017305,5.503996,256
131,5,intermediate_fusion,0.8387402723735407,0.3684210526315789,0.6949152542372882,4.7128963,5.3219166,256
132,5,intermediate_fusion,0.8836404211490042,0.4444444444444444,0.7543859649122807,4.8791704,5.301669,256
103,5,intermediate_fusion,0.9302042801556419,0.23809523809523808,0.6129032258064516,4.874845,5.3710585,256
133,5,intermediate_fusion,0.9400642309452963,0.5294117647058824,0.7241379310344828,4.712837,5.248987,256
134,5,intermediate_fusion,0.9354786564431218,0.13043478260869565,0.5873015873015873,4.974949,5.3444595,256
104,5,intermediate_fusion,0.8884849221789881,0.4444444444444444,0.6949152542372882,4.927723,5.4193077,256
105,5,intermediate_fusion,0.9226417658503088,0.3684210526315789,0.639344262295082,4.9657655,5.384726,256
135,5,intermediate_fusion,0.8367704280155641,0.5294117647058824,0.7857142857142857,4.672036,5.3326693,256
141,5,intermediate_fusion,0.8882782101167314,0.3684210526315789,0.5625,4.9140515,5.409723,256
147,5,intermediate_fusion,0.7652645056076904,0.7333333333333333,0.35135135135135137,5.074221,5.3938165,256
179,5,intermediate_fusion,0.879746509498741,0.8571428571428571,0.5625,5.2899294,5.483859,256
142,5,intermediate_fusion,0.8779790856031127,0.625,0.6666666666666666,5.1850796,5.4242897,256
193,5,intermediate_fusion,0.8523081654840924,0.18181818181818182,0.4492753623188406,5.045718,5.4427648,256
194,5,intermediate_fusion,0.9650778210116729,0.625,0.9230769230769231,4.48841,5.110124,256
149,5,intermediate_fusion,0.9019004634927901,0.4444444444444444,0.6666666666666666,4.8661685,5.390357,256
152,5,intermediate_fusion,0.8316948958571755,0.4444444444444444,0.4925373134328358,5.072887,5.3991194,256
164,5,intermediate_fusion,0.9535040913252458,0.625,0.7543859649122807,4.875801,5.2109876,256
202,5,intermediate_fusion,0.9034454394598305,0.5294117647058824,0.35135135135135137,4.779219,5.2608604,256
155,5,intermediate_fusion,0.7630900949874112,0.3,0.4925373134328358,5.2798615,5.450363,256
157,5,intermediate_fusion,0.9129069867246508,0.3684210526315789,0.6666666666666666,5.2675014,5.4261503,256
168,5,intermediate_fusion,0.9189559967956051,0.3684210526315789,0.6129032258064516,5.351629,5.4823794,256
180,5,intermediate_fusion,0.8075331883726251,0.5294117647058824,0.4925373134328358,5.273872,5.4050703,256
522,5,intermediate_fusion,0.7331361581597619,0.3,0.3888888888888889,5.3083844,5.485666,256
529,5,intermediate_fusion,0.8860916399633781,0.3684210526315789,0.4492753623188406,5.2182436,5.418194,256
195,5,intermediate_fusion,0.841808051041428,0.4444444444444444,0.35135135135135137,5.205992,5.3368936,256
204,5,intermediate_fusion,0.8458249885557333,0.5294117647058824,0.5625,5.2655745,5.395322,256
154,5,intermediate_fusion,0.805458915083543,0.18181818181818182,0.5384615384615384,5.2846527,5.4128294,256
172,5,intermediate_fusion,0.8406714923323414,0.625,0.639344262295082,5.131874,5.349415,256
160,5,intermediate_fusion,0.9022516594186312,0.3684210526315789,0.5384615384615384,5.1516666,5.3484874,256
184,5,intermediate_fusion,0.9422965781643394,0.7333333333333333,0.7543859649122807,4.9168363,5.2058277,256
189,5,intermediate_fusion,0.9222190432593269,0.3,0.5625,5.105256,5.2984962,256
163,5,intermediate_fusion,0.9712970645456624,0.3,0.639344262295082,4.9778275,5.2293606,256
170,5,intermediate_fusion,0.9383633268482489,0.3684210526315789,0.7241379310344828,4.9053507,5.2457757,256
246,5,intermediate_fusion,0.8000264648661018,0.625,0.4084507042253521,5.2350535,5.472904,256
254,5,intermediate_fusion,0.7361281185626,0.4444444444444444,0.47058823529411764,5.3096733,5.488594,256
262,5,intermediate_fusion,0.8806434538796062,0.4444444444444444,0.5625,5.2851763,5.4326515,256
269,5,intermediate_fusion,0.5547407873655298,0.3684210526315789,0.3888888888888889,5.340769,5.5078564,256
325,5,intermediate_fusion,0.880908102540627,0.3,0.42857142857142855,5.0754395,5.3294783,256
319,5,intermediate_fusion,0.9536714637216754,0.3684210526315789,0.5384615384615384,5.0705786,5.2948704,256
370,5,intermediate_fusion,0.9281757839322499,0.625,0.5384615384615384,5.0083814,5.267315,256
302,5,intermediate_fusion,0.921973706797894,0.23809523809523808,0.5384615384615384,5.069044,5.311738,256
314,5,intermediate_fusion,0.9329959658960858,0.625,0.6129032258064516,4.8269796,5.2763085,256
331,5,intermediate_fusion,0.6905370222018767,0.4444444444444444,0.5873015873015873,4.99846,5.3926005,256
351,5,intermediate_fusion,0.8622632467383838,0.4444444444444444,0.5873015873015873,5.069188,5.3082876,256
367,5,intermediate_fusion,0.9377710860608832,0.23809523809523808,0.5873015873015873,5.020441,5.297006,256
295,5,intermediate_fusion,0.9435869192034788,0.13043478260869565,0.6129032258064516,4.980156,5.2768464,256
313,5,intermediate_fusion,0.9229021229114212,0.23809523809523808,0.6129032258064516,4.863981,5.2979755,256
366,5,intermediate_fusion,0.9379134241245135,0.23809523809523808,0.5873015873015873,5.045545,5.3006697,256
430,5,intermediate_fusion,0.904102769512474,0.18181818181818182,0.7241379310344828,5.299352,5.4469776,256
381,5,intermediate_fusion,0.9197384985122452,0.3,0.5151515151515151,5.390475,5.472988,256
387,5,intermediate_fusion,0.8130307278553444,0.3,0.3888888888888889,5.3865385,5.503069,256
376,5,intermediate_fusion,0.8531586175326161,0.18181818181818182,0.5625,5.39842,5.46792,256
385,5,intermediate_fusion,0.8247346360723277,0.08333333333333333,0.26582278481012656,5.4229927,5.48155,256
379,5,intermediate_fusion,0.803695782787823,0.3,0.5151515151515151,5.3764715,5.415953,256
411,5,intermediate_fusion,0.8382610437170976,0.3,0.35135135135135137,5.3132567,5.3862686,256
400,5,intermediate_fusion,0.7619864385442892,0.18181818181818182,0.3888888888888889,5.412163,5.451867,256
399,5,intermediate_fusion,0.5219064717326619,0.04,0.3333333333333333,5.4394,5.5350733,256
410,5,intermediate_fusion,0.5773317692835889,0.0,0.08695652173913043,5.275325,5.454853,256
415,5,intermediate_fusion,0.6349143110551613,0.23809523809523808,0.4084507042253521,5.444547,5.529983,256
386,5,intermediate_fusion,0.7316762989242388,0.23809523809523808,0.4925373134328358,5.262521,5.4028015,256
378,5,intermediate_fusion,0.7559066720073241,0.3,0.4925373134328358,5.4316554,5.4430466,256
394,5,intermediate_fusion,0.7168595502403294,0.08333333333333333,0.28205128205128205,5.4173865,5.4348946,256
391,5,intermediate_fusion,0.6613362611581597,0.625,0.5625,5.1650214,5.392523,256
725,5,intermediate_fusion,0.8937278267338062,0.04,0.2987012987012987,5.2575035,5.3736954,256
730,5,intermediate_fusion,0.9711761844815746,0.3684210526315789,0.7543859649122807,4.9510317,5.3383064,256
729,5,intermediate_fusion,0.6932071126115814,0.23809523809523808,0.6666666666666666,4.983879,5.4272585,256
727,5,intermediate_fusion,0.9351968413824673,0.3684210526315789,0.5151515151515151,5.07552,5.254781,256
736,5,intermediate_fusion,0.7029097047379261,0.3,0.3157894736842105,5.401829,5.531352,256
737,5,intermediate_fusion,0.4012288281071183,0.08333333333333333,0.07526881720430108,5.4329376,5.5149164,256
898,5,intermediate_fusion,0.8072263389791714,0.3,0.4492753623188406,5.3507986,5.475416,256
899,5,intermediate_fusion,0.6719021801327534,0.23809523809523808,0.3888888888888889,5.438635,5.4827266,256
754,5,intermediate_fusion,0.5411628805218585,0.13043478260869565,0.21951219512195122,5.488437,5.5319753,256
755,5,intermediate_fusion,0.6203965438315403,0.3,0.3698630136986301,5.3413525,5.4865336,256
756,5,intermediate_fusion,0.6719257839322499,0.625,0.5625,5.010124,5.3669033,256
757,5,intermediate_fusion,0.8180483234149689,0.7333333333333333,0.6129032258064516,4.961622,5.3590417,256
758,5,intermediate_fusion,0.7195425154497596,0.5294117647058824,0.6129032258064516,5.1417875,5.3171525,256
759,5,intermediate_fusion,0.7910527294575416,0.3684210526315789,0.5384615384615384,5.1858053,5.324335,256
760,5,intermediate_fusion,0.9576132982375829,0.4444444444444444,0.7543859649122807,5.4227185,5.515087,256
900,5,intermediate_fusion,0.7237110894941633,0.7333333333333333,0.35135135135135137,5.266818,5.446702,256
901,5,intermediate_fusion,0.7696498054474707,0.7333333333333333,0.4925373134328358,4.9268484,5.330675,256
761,5,intermediate_fusion,0.6061763275349049,0.625,0.4084507042253521,5.2729645,5.4435253,256
903,5,intermediate_fusion,0.8900241760128176,0.4444444444444444,0.8181818181818182,5.194845,5.3234873,256
904,5,intermediate_fusion,0.8761308365758753,0.4444444444444444,0.7241379310344828,5.1542654,5.4133353,256
902,5,intermediate_fusion,0.9633733405813687,0.5294117647058824,0.6949152542372882,4.9744177,5.186501,256
763,5,intermediate_fusion,0.8749384870679787,0.3,0.5384615384615384,5.2883415,5.422784,256
764,5,intermediate_fusion,0.9536242561226824,0.5294117647058824,0.6949152542372882,5.197028,5.3571014,256
765,5,intermediate_fusion,0.5553094243533988,0.04,0.17647058823529413,5.4265585,5.4851623,256
780,5,intermediate_fusion,0.9448114557106889,0.625,0.6949152542372882,4.91125,5.1738005,256
781,5,intermediate_fusion,0.6736974994277865,0.5294117647058824,0.42857142857142855,5.2900043,5.410431,256
782,5,intermediate_fusion,0.758850709544518,0.23809523809523808,0.5625,5.145359,5.389742,256
783,5,intermediate_fusion,0.648159618905928,0.3,0.5151515151515151,5.231106,5.4098873,256
784,5,intermediate_fusion,0.6248712520027465,0.4444444444444444,0.4492753623188406,5.3112726,5.4283934,256
785,5,intermediate_fusion,0.8920970187685968,0.3,0.5625,5.0490656,5.336955,256
786,5,intermediate_fusion,0.9092448214694437,0.3684210526315789,0.7241379310344828,5.1286526,5.307805,256
787,5,intermediate_fusion,0.8667279411764705,0.5294117647058824,0.5625,5.260894,5.3430176,256
790,5,intermediate_fusion,0.7269433794918745,0.08333333333333333,0.0989010989010989,5.357415,5.4754715,256
791,5,intermediate_fusion,0.9004341668574043,0.5294117647058824,0.6666666666666666,4.8234377,5.3212066,256
792,5,intermediate_fusion,0.9384570267795833,0.625,0.6666666666666666,5.1017838,5.333048,256
793,5,intermediate_fusion,0.9698178931105514,0.625,0.6949152542372882,5.0345144,5.252167,256
813,5,intermediate_fusion,0.9075367647058822,0.3684210526315789,0.5873015873015873,5.1508865,5.359784,256
814,5,intermediate_fusion,0.8081461718928815,0.18181818181818182,0.35135135135135137,5.2710123,5.4098053,256
815,5,intermediate_fusion,0.9290212291142136,0.3,0.5625,5.1212735,5.2881203,256
817,5,intermediate_fusion,0.49482576104371706,0.5294117647058824,0.5873015873015873,4.7768774,5.266923,256
819,5,intermediate_fusion,0.7262202449073013,0.08333333333333333,0.28205128205128205,5.4285398,5.4921494,256
824,5,intermediate_fusion,0.5921184767681391,0.04,0.19047619047619047,5.3697023,5.5030985,256
828,5,intermediate_fusion,0.9489213778896772,0.3684210526315789,0.6949152542372882,4.9247737,5.271329,256
829,5,intermediate_fusion,0.9458435854886702,0.4444444444444444,0.639344262295082,4.9807014,5.27986,256
830,5,intermediate_fusion,0.9546034561684594,0.5294117647058824,0.5873015873015873,5.0621367,5.293446,256
848,5,intermediate_fusion,0.7491574158846416,0.08333333333333333,0.3888888888888889,5.3445997,5.4763017,256
849,5,intermediate_fusion,0.6736932078278781,0.18181818181818182,0.26582278481012656,5.357292,5.490681,256
850,5,intermediate_fusion,0.8739671549553674,0.5294117647058824,0.5873015873015873,5.061245,5.4131393,256
863,5,intermediate_fusion,0.7311670290684366,0.5294117647058824,0.4925373134328358,5.0760093,5.347249,256
864,5,intermediate_fusion,0.8949695296406498,0.18181818181818182,0.4084507042253521,5.1578155,5.3510017,256
866,5,intermediate_fusion,0.33736767566948955,0.13043478260869565,0.21951219512195122,5.41246,5.5202436,256
894,5,intermediate_fusion,0.466235837720302,0.04,0.13636363636363635,5.4733696,5.5205708,256
951,5,intermediate_fusion,0.4625786793316547,0.18181818181818182,0.25,5.3988285,5.494121,256
938,5,intermediate_fusion,0.7166871709773402,0.4444444444444444,0.2987012987012987,5.2557535,5.463797,256
940,5,intermediate_fusion,0.8359900720988782,0.625,0.5873015873015873,5.1969523,5.298544,256
941,5,intermediate_fusion,0.7352590695811396,0.4444444444444444,0.5384615384615384,5.194048,5.3956037,256
942,5,intermediate_fusion,0.6686655985351337,0.4444444444444444,0.4084507042253521,5.126981,5.3971996,256
943,5,intermediate_fusion,0.8560983634699014,0.5294117647058824,0.5384615384615384,5.0956078,5.3655944,256
944,5,intermediate_fusion,0.8471296349279009,0.5294117647058824,0.5384615384615384,5.1408467,5.3712535,256
947,5,intermediate_fusion,0.7270149061570153,0.23809523809523808,0.2345679012345679,5.356428,5.4636817,256
948,5,intermediate_fusion,0.7685189688715951,0.23809523809523808,0.4492753623188406,5.2776575,5.4333653,256
949,5,intermediate_fusion,0.9092684252689401,0.3684210526315789,0.8518518518518519,4.948704,5.2561665,256
950,5,intermediate_fusion,0.8694867246509498,0.625,0.5625,5.1462464,5.3593726,256
5,5,coattention_fusion,0.5551771000228886,0.0,0.19047619047619047,5.109556,5.4620757,256
6,5,coattention_fusion,0.15279740787365528,0.0,0.0,5.081156,5.435998,256
25,5,coattention_fusion,0.366495479514763,0.0,0.20481927710843373,5.3534107,5.034462,256
31,5,coattention_fusion,0.4598384927901121,0.0,0.35135135135135137,4.9256415,5.540844,256
37,5,coattention_fusion,0.569465981918059,0.0,0.1111111111111111,4.9742336,5.221773,256
62,5,coattention_fusion,0.7279089894712748,0.3,0.4925373134328358,4.734298,5.528636,256
69,5,coattention_fusion,-0.5047364957656214,0.0,0.0,5.0071173,5.5259013,256
70,5,coattention_fusion,0.05483949416342412,0.0,0.14942528735632185,5.4221506,5.304302,256
78,5,coattention_fusion,0.7912615873197526,0.3684210526315789,0.4492753623188406,5.0583835,5.0732174,256
61,5,coattention_fusion,0.8084709029526207,0.3,0.4084507042253521,5.0207157,5.524525,256
63,5,coattention_fusion,0.6444559681849392,0.3684210526315789,0.5151515151515151,4.772789,5.149537,256
68,5,coattention_fusion,0.5987312240235317,0.18181818181818182,0.3333333333333333,5.1327963,5.5156727,256
77,5,coattention_fusion,0.8295948729686425,0.13043478260869565,0.3698630136986301,4.796109,5.276491,256
127,5,coattention_fusion,-0.10342827306019681,0.0,0.010101010101010102,4.838931,5.544066,256
102,5,coattention_fusion,0.6717855916685739,0.625,0.47058823529411764,5.395034,5.51997,256
128,5,coattention_fusion,0.3161449988555733,0.0,0.05263157894736842,4.941013,5.261632,256
129,5,coattention_fusion,0.5926241702906843,0.0,0.14942528735632185,4.717054,4.600276,256
130,5,coattention_fusion,-0.6487718871595329,0.0,0.030927835051546393,5.4017305,5.537916,256
131,5,coattention_fusion,0.4151393339436942,0.0,0.07526881720430108,4.7128963,5.5370936,256
132,5,coattention_fusion,0.2758661879148546,0.04,0.1111111111111111,4.8791704,5.491468,256
103,5,coattention_fusion,-0.296618934538796,0.0,0.02040816326530612,4.874845,5.5412855,256
133,5,coattention_fusion,0.6788302529182878,0.23809523809523808,0.5151515151515151,4.712837,5.5407424,256
134,5,coattention_fusion,0.5042815861753261,0.04,0.26582278481012656,4.974949,5.5061984,256
104,5,coattention_fusion,0.01247782673380636,0.08333333333333333,0.21951219512195122,4.927723,5.5283833,256
105,5,coattention_fusion,0.4168044747081711,0.0,0.07526881720430108,4.9657655,5.54346,256
135,5,coattention_fusion,-0.17392137788967724,0.23809523809523808,0.26582278481012656,4.672036,5.4569244,256
141,5,coattention_fusion,0.06927715152208742,0.08333333333333333,0.19047619047619047,4.9140515,5.54165,256
147,5,coattention_fusion,-0.09793073357747767,0.3,0.2345679012345679,5.074221,5.541979,256
179,5,coattention_fusion,0.16871137560082397,0.13043478260869565,0.25,5.2899294,5.5216646,256
142,5,coattention_fusion,0.19908946555275803,0.3,0.3698630136986301,5.1850796,5.4965687,256
193,5,coattention_fusion,-0.014396171892881664,0.08333333333333333,0.19047619047619047,5.045718,4.846154,256
194,5,coattention_fusion,0.706736381322957,0.5294117647058824,0.639344262295082,4.48841,5.423132,256
149,5,coattention_fusion,0.27395928702220185,0.13043478260869565,0.28205128205128205,4.8661685,5.516033,256
152,5,coattention_fusion,0.40375085831998164,0.0,0.20481927710843373,5.072887,5.5089083,256
164,5,coattention_fusion,0.014070010299839779,0.0,0.05263157894736842,4.875801,5.534895,256
202,5,coattention_fusion,0.7404769398031584,0.18181818181818182,0.3888888888888889,4.779219,5.242682,256
155,5,coattention_fusion,0.46686527237354075,0.23809523809523808,0.35135135135135137,5.2798615,5.4692197,256
157,5,coattention_fusion,0.7328178644998854,0.18181818181818182,0.5384615384615384,5.2675014,5.536386,256
168,5,coattention_fusion,-0.25559696154726474,0.0,0.041666666666666664,5.351629,5.544426,256
180,5,coattention_fusion,0.5647402151522086,0.04,0.21951219512195122,5.273872,5.113303,256
522,5,coattention_fusion,0.5596210517280842,0.13043478260869565,0.3333333333333333,5.3083844,5.5423956,256
529,5,coattention_fusion,0.40084401464866093,0.13043478260869565,0.28205128205128205,5.2182436,5.132037,256
195,5,coattention_fusion,0.7807750629434652,0.18181818181818182,0.5625,5.205992,5.1843176,256
204,5,coattention_fusion,0.6613455596246279,0.23809523809523808,0.47058823529411764,5.2655745,5.519291,256
154,5,coattention_fusion,0.6132717727168688,0.0,0.3157894736842105,5.2846527,5.2219505,256
172,5,coattention_fusion,0.6652029926756694,0.5294117647058824,0.3698630136986301,5.131874,5.5385876,256
160,5,coattention_fusion,-0.7447835603112839,0.0,0.0,5.1516666,5.526825,256
184,5,coattention_fusion,0.760563057907988,0.23809523809523808,0.639344262295082,4.9168363,4.861826,256
189,5,coattention_fusion,0.8005815117875942,0.04,0.35135135135135137,5.105256,5.5344224,256
163,5,coattention_fusion,0.8055282959487295,0.23809523809523808,0.4492753623188406,4.9778275,5.5267277,256
170,5,coattention_fusion,0.6353420405127032,0.13043478260869565,0.42857142857142855,4.9053507,5.5399623,256
246,5,coattention_fusion,0.26752617875944146,0.23809523809523808,0.21951219512195122,5.2350535,5.541088,256
254,5,coattention_fusion,0.09603742275120163,0.04,0.1111111111111111,5.3096733,5.5445094,256
262,5,coattention_fusion,0.3346003089951934,0.08333333333333333,0.21951219512195122,5.2851763,5.48088,256
269,5,coattention_fusion,0.09769755664911878,0.04,0.20481927710843373,5.340769,5.53321,256
325,5,coattention_fusion,0.7645528152895398,0.08333333333333333,0.35135135135135137,5.0754395,5.064455,256
319,5,coattention_fusion,-0.8363155184252687,0.0,0.0,5.0705786,5.543541,256
370,5,coattention_fusion,-0.07305375944151977,0.08333333333333333,0.14942528735632185,5.0083814,5.5451307,256
302,5,coattention_fusion,0.5414089322499427,0.0,0.20481927710843373,5.069044,5.4569616,256
314,5,coattention_fusion,0.7588650148775463,0.3684210526315789,0.42857142857142855,4.8269796,5.5292115,256
331,5,coattention_fusion,-0.09346389333943692,0.0,0.17647058823529413,4.99846,5.541267,256
351,5,coattention_fusion,0.5896028839551384,0.23809523809523808,0.5151515151515151,5.069188,5.426509,256
367,5,coattention_fusion,-0.7530692092011901,0.0,0.0,5.020441,5.5420294,256
295,5,coattention_fusion,0.8443858720531011,0.08333333333333333,0.5625,4.980156,5.4867554,256
313,5,coattention_fusion,-0.6979071297779811,0.0,0.0,4.863981,5.543642,256
366,5,coattention_fusion,-0.8014341096360722,0.0,0.0,5.045545,5.541739,256
430,5,coattention_fusion,0.5877882524605171,0.13043478260869565,0.26582278481012656,5.299352,5.543993,256
381,5,coattention_fusion,0.704704308766308,0.08333333333333333,0.4084507042253521,5.390475,5.5402346,256
387,5,coattention_fusion,0.2929961089494163,0.0,0.14942528735632185,5.3865385,5.4480476,256
376,5,coattention_fusion,0.6982025349050125,0.13043478260869565,0.35135135135135137,5.39842,5.542995,256
385,5,coattention_fusion,0.006195639734493018,0.04,0.12359550561797752,5.4229927,5.544152,256
379,5,coattention_fusion,0.5707169832913709,0.04,0.3888888888888889,5.3764715,5.3804436,256
411,5,coattention_fusion,0.2769040398260471,0.18181818181818182,0.14942528735632185,5.3132567,5.5421233,256
400,5,coattention_fusion,0.38962863355458904,0.0,0.21951219512195122,5.412163,5.41137,256
399,5,coattention_fusion,-0.619971675440604,0.0,0.0,5.4394,5.5445347,256
410,5,coattention_fusion,0.6888804646372166,0.08333333333333333,0.5151515151515151,5.275325,5.399748,256
415,5,coattention_fusion,0.6982361524376286,0.08333333333333333,0.42857142857142855,5.444547,5.524933,256
386,5,coattention_fusion,-0.33670104715037763,0.0,0.010101010101010102,5.262521,5.5213504,256
378,5,coattention_fusion,0.4105272945754176,0.08333333333333333,0.2987012987012987,5.4316554,5.5098157,256
394,5,coattention_fusion,0.4913982032501716,0.04,0.16279069767441862,5.4173865,5.5423594,256
391,5,coattention_fusion,0.3864836060883497,0.3,0.3698630136986301,5.1650214,5.4245586,256
725,5,coattention_fusion,0.5392481116960401,0.0,0.16279069767441862,5.2575035,5.534109,256
730,5,coattention_fusion,0.8508711947814144,0.0,0.35135135135135137,4.9510317,5.5329857,256
729,5,coattention_fusion,0.1506265735866331,0.0,0.1111111111111111,4.983879,5.5432587,256
727,5,coattention_fusion,0.6957041084916457,0.18181818181818182,0.3888888888888889,5.07552,5.215968,256
736,5,coattention_fusion,-0.058937972075989914,0.0,0.041666666666666664,5.401829,5.5448627,256
737,5,coattention_fusion,-0.5142595559624628,0.0,0.02040816326530612,5.4329376,5.5436907,256
898,5,coattention_fusion,0.30385171091783014,0.13043478260869565,0.2987012987012987,5.3507986,5.521799,256
899,5,coattention_fusion,0.222548781185626,0.13043478260869565,0.21951219512195122,5.438635,5.231047,256
754,5,coattention_fusion,-0.11866845960173951,0.04,0.08695652173913043,5.488437,5.4826374,256
755,5,coattention_fusion,0.35163295376516357,0.18181818181818182,0.25,5.3413525,5.432923,256
756,5,coattention_fusion,0.4262295433737697,0.0,0.2345679012345679,5.010124,5.4113064,256
757,5,coattention_fusion,0.5731066891737239,0.3684210526315789,0.3333333333333333,4.961622,5.405645,256
758,5,coattention_fusion,-0.5021430286791659,0.0,0.030927835051546393,5.1417875,5.5449476,256
759,5,coattention_fusion,0.6264233806363011,0.23809523809523808,0.3698630136986301,5.1858053,5.51993,256
760,5,coattention_fusion,-0.0895692664225223,0.0,0.07526881720430108,5.4227185,5.54275,256
900,5,coattention_fusion,0.4391172178988326,0.625,0.3333333333333333,5.266818,5.5377064,256
901,5,coattention_fusion,0.5483435404883107,0.4444444444444444,0.42857142857142855,4.9268484,5.543291,256
761,5,coattention_fusion,0.4140521286335545,0.3,0.2987012987012987,5.2729645,5.5074134,256
903,5,coattention_fusion,-0.44995922980086966,0.0,0.0,5.194845,5.538419,256
904,5,coattention_fusion,0.7200446326390477,0.23809523809523808,0.6666666666666666,5.1542654,5.426902,256
902,5,coattention_fusion,0.2575317578393225,0.0,0.030927835051546393,4.9744177,5.5429683,256
763,5,coattention_fusion,0.6225688086518654,0.23809523809523808,0.28205128205128205,5.2883415,5.544902,256
764,5,coattention_fusion,0.7232425898374912,0.4444444444444444,0.5384615384615384,5.197028,5.521871,256
765,5,coattention_fusion,-0.04676556420233462,0.08333333333333333,0.16279069767441862,5.4265585,5.54422,256
780,5,coattention_fusion,0.8440854600595101,0.4444444444444444,0.5625,4.91125,5.489352,256
781,5,coattention_fusion,-0.45150992790112154,0.0,0.010101010101010102,5.2900043,5.5116024,256
782,5,coattention_fusion,-0.4564803158617532,0.0,0.0,5.145359,5.544066,256
783,5,coattention_fusion,-0.34833557450217434,0.0,0.030927835051546393,5.231106,5.526394,256
784,5,coattention_fusion,0.3490851739528496,0.3,0.3157894736842105,5.3112726,5.4579277,256
785,5,coattention_fusion,0.49036535820553895,0.04,0.26582278481012656,5.0490656,5.5371385,256
786,5,coattention_fusion,0.5362425612268253,0.04,0.3157894736842105,5.1286526,5.2955165,256
787,5,coattention_fusion,0.7130207141222247,0.3,0.42857142857142855,5.260894,5.423175,256
790,5,coattention_fusion,0.6373476482032501,0.04,0.2345679012345679,5.357415,5.5294623,256
791,5,coattention_fusion,0.6615086404211489,0.4444444444444444,0.42857142857142855,4.8234377,5.5055585,256
792,5,coattention_fusion,0.8076705195696955,0.23809523809523808,0.47058823529411764,5.1017838,5.4393296,256
793,5,coattention_fusion,0.8591082055390248,0.3,0.5151515151515151,5.0345144,5.4039173,256
813,5,coattention_fusion,0.0016966124971389332,0.04,0.08695652173913043,5.1508865,4.711033,256
814,5,coattention_fusion,0.341956826504921,0.04,0.17647058823529413,5.2710123,5.5446215,256
815,5,coattention_fusion,0.6979149977111466,0.18181818181818182,0.26582278481012656,5.1212735,5.1208935,256
817,5,coattention_fusion,0.5234256981002516,0.0,0.010101010101010102,4.7768774,5.5163393,256
819,5,coattention_fusion,0.34277509155413133,0.08333333333333333,0.14942528735632185,5.4285398,5.522111,256
824,5,coattention_fusion,0.0953593499656672,0.18181818181818182,0.19047619047619047,5.3697023,5.538343,256
828,5,coattention_fusion,-0.6439867532616158,0.0,0.0,4.9247737,4.2656355,256
829,5,coattention_fusion,0.3122260528725108,0.0,0.08695652173913043,4.9807014,5.5450773,256
830,5,coattention_fusion,0.6893961718928815,0.3684210526315789,0.4492753623188406,5.0621367,5.5367413,256
848,5,coattention_fusion,0.6422336346990157,0.13043478260869565,0.3333333333333333,5.3445997,5.5438347,256
849,5,coattention_fusion,0.22469815747310598,0.3684210526315789,0.2987012987012987,5.357292,5.5324755,256
850,5,coattention_fusion,0.3020764190890363,0.0,0.13636363636363635,5.061245,5.5449734,256
863,5,coattention_fusion,0.474519340810254,0.0,0.20481927710843373,5.0760093,5.366776,256
864,5,coattention_fusion,-0.028619249256122678,0.0,0.06382978723404255,5.1578155,5.5424256,256
866,5,coattention_fusion,-0.12355587663080793,0.08333333333333333,0.1111111111111111,5.41246,5.544394,256
894,5,coattention_fusion,-0.37118691348134575,0.04,0.12359550561797752,5.4733696,5.540436,256
951,5,coattention_fusion,0.3667830167086289,0.0,0.19047619047619047,5.3988285,5.5395937,256
938,5,coattention_fusion,0.4535066758530836,0.04,0.42857142857142855,5.2557535,5.3165975,256
940,5,coattention_fusion,0.7930969615472646,0.13043478260869565,0.42857142857142855,5.1969523,5.41868,256
941,5,coattention_fusion,0.548605230029755,0.23809523809523808,0.3333333333333333,5.194048,5.5249577,256
942,5,coattention_fusion,-0.4405985351338978,0.0,0.02040816326530612,5.126981,5.542456,256
943,5,coattention_fusion,0.2050454909590295,0.0,0.19047619047619047,5.0956078,5.5383363,256
944,5,coattention_fusion,0.560508697642481,0.13043478260869565,0.3698630136986301,5.1408467,5.5308323,256
947,5,coattention_fusion,-0.4441655699244677,0.0,0.030927835051546393,5.356428,5.544781,256
948,5,coattention_fusion,0.44727169533784455,0.04,0.26582278481012656,5.2776575,5.544651,256
949,5,coattention_fusion,0.534413624399176,0.0,0.16279069767441862,4.948704,5.508752,256
950,5,coattention_fusion,0.5395284962233919,0.13043478260869565,0.25,5.1462464,5.305944,256
